Date,Maximum Temperature degrees (F),Minimum Temperature degrees (F),Precipitation (inches),Snow (inches),Snow Depth (inches)
1/1/2010,6,-9,T,T,9
1/2/2010,1,-15,0,0,9
1/3/2010,7,-14,0,0,9
1/4/2010,7,-10,0,0,9
1/5/2010,10,-9,0,0,9
1/6/2010,16,-4,0,0,9
1/7/2010,16,4,0.06,2.2,11
1/8/2010,8,-6,0,0,11
1/9/2010,6,-14,0,0,11
1/10/2010,15,-6,0,0,11
1/11/2010,22,8,T,T,10
1/12/2010,22,2,T,T,10
1/13/2010,28,19,T,T,10
1/14/2010,31,15,0,0,10
1/15/2010,28,12,0,0,10
1/16/2010,35,15,0,0,10
1/17/2010,34,20,0,0,10
1/18/2010,34,13,0,0,9
1/19/2010,23,13,T,T,9
1/20/2010,28,19,T,T,9
1/21/2010,30,25,0.05,T,9
1/22/2010,33,28,0.02,0,9
1/23/2010,36,32,0.23,T,9
1/24/2010,35,32,0.04,T,7
1/25/2010,34,16,0.05,0.9,6
1/26/2010,16,3,T,T,7
1/27/2010,11,2,T,T,7
1/28/2010,7,-2,T,T,7
1/29/2010,9,-5,0,0,7
1/30/2010,17,1,0,0,7
1/31/2010,16,3,0,0,7
2/1/2010,16,8,0.11,2.6,7
2/2/2010,21,8,0.02,0.5,10
2/3/2010,21,1,0,0,10
2/4/2010,29,19,0.07,1,10
2/5/2010,33,28,0.12,1.3,12
2/6/2010,28,19,0,0,11
2/7/2010,24,15,0.05,0.8,11
2/8/2010,25,22,0.23,4.7,12
2/9/2010,26,15,0.03,0.4,15
2/10/2010,24,3,0,0,16
2/11/2010,25,0,0,0,15
2/12/2010,25,3,T,T,15
2/13/2010,23,10,T,0.2,15
2/14/2010,24,5,0.09,1.6,15
2/15/2010,30,22,0.03,0.7,17
2/16/2010,34,17,0,0,17
2/17/2010,35,16,0,0,16
2/18/2010,37,10,0,0,15
2/19/2010,31,7,0,0,14
2/20/2010,35,18,T,T,13
2/21/2010,31,13,0,0,13
2/22/2010,32,14,0,0,13
2/23/2010,23,9,T,0.1,13
2/24/2010,20,1,0,0,13
2/25/2010,26,3,0,0,12
2/26/2010,32,5,0,0,12
2/27/2010,38,9,0,0,12
2/28/2010,38,16,0,0,12
3/1/2010,38,19,0,0,12
3/2/2010,42,19,0,0,11
3/3/2010,41,20,0,0,10
3/4/2010,39,20,0,0,10
3/5/2010,42,23,0,0,9
3/6/2010,41,24,T,0,8
3/7/2010,47,35,0.02,0,6
3/8/2010,37,34,T,0,4
3/9/2010,39,33,0.04,0,4
3/10/2010,42,35,0.27,0,2
3/11/2010,47,35,0.25,0,T
3/12/2010,43,38,0.03,0,T
3/13/2010,45,38,0,0,T
3/14/2010,64,40,0,0,0
3/15/2010,60,41,0,0,0
3/16/2010,50,40,0.08,0,0
3/17/2010,58,34,0,0,0
3/18/2010,64,39,0,0,0
3/19/2010,45,29,0,0,0
3/20/2010,39,23,0,0,0
3/21/2010,50,24,0,0,0
3/22/2010,55,30,0,0,0
3/23/2010,61,37,0,0,0
3/24/2010,55,31,0,0,0
3/25/2010,42,24,0,0,0
3/26/2010,51,25,0,0,0
3/27/2010,52,40,0,0,0
3/28/2010,52,33,0,0,0
3/29/2010,59,32,0,0,0
3/30/2010,75,46,0,0,0
3/31/2010,76,50,0,0,0
4/1/2010,81,50,0,0,0
4/2/2010,72,44,0.06,0,0
4/3/2010,61,39,0,0,0
4/4/2010,67,50,T,0,0
4/5/2010,60,43,0.01,0,0
4/6/2010,52,44,0.28,0,0
4/7/2010,56,39,0,0,0
4/8/2010,52,33,0,0,0
4/9/2010,67,32,0,0,0
4/10/2010,63,44,0,0,0
4/11/2010,69,38,0,0,0
4/12/2010,68,47,0,0,0
4/13/2010,69,46,0.73,0,0
4/14/2010,74,53,0.07,0,0
4/15/2010,71,54,0.56,0,0
4/16/2010,61,46,0,0,0
4/17/2010,65,40,0,0,0
4/18/2010,67,38,0,0,0
4/19/2010,69,45,0,0,0
4/20/2010,71,50,0,0,0
4/21/2010,61,42,0,0,0
4/22/2010,66,34,0,0,0
4/23/2010,69,48,T,0,0
4/24/2010,60,50,0.5,0,0
4/25/2010,61,47,0.04,0,0
4/26/2010,63,44,0,0,0
4/27/2010,60,39,0,0,0
4/28/2010,69,40,0,0,0
4/29/2010,73,56,T,0,0
4/30/2010,69,55,0.07,0,0
5/1/2010,64,49,0,0,0
5/2/2010,64,48,0,0,0
5/3/2010,57,46,0.05,0,0
5/4/2010,79,41,T,0,0
5/5/2010,55,47,T,0,0
5/6/2010,54,41,0.04,0,0
5/7/2010,48,34,0.55,T,0
5/8/2010,52,34,T,T,0
5/9/2010,58,32,0,0,0
5/10/2010,58,44,0.19,0,0
5/11/2010,46,41,0.47,0,0
5/12/2010,51,42,0.04,0,0
5/13/2010,53,46,0.61,0,0
5/14/2010,71,46,0,0,0
5/15/2010,74,45,0,0,0
5/16/2010,74,54,0,0,0
5/17/2010,76,53,0,0,0
5/18/2010,75,54,0,0,0
5/19/2010,79,50,0,0,0
5/20/2010,82,53,0,0,0
5/21/2010,65,59,0.02,0,0
5/22/2010,82,57,0.12,0,0
5/23/2010,88,73,0,0,0
5/24/2010,95,72,0,0,0
5/25/2010,89,66,0.38,0,0
5/26/2010,80,60,0,0,0
5/27/2010,81,56,0,0,0
5/28/2010,85,61,0,0,0
5/29/2010,91,64,0,0,0
5/30/2010,81,59,0.03,0,0
5/31/2010,78,51,0,0,0
6/1/2010,82,62,0.18,0,0
6/2/2010,73,58,0.01,0,0
6/3/2010,78,52,0.01,0,0
6/4/2010,83,63,0.44,0,0
6/5/2010,70,59,0.27,0,0
6/6/2010,78,57,T,0,0
6/7/2010,75,56,0.01,0,0
6/8/2010,70,60,0.84,0,0
6/9/2010,73,59,0,0,0
6/10/2010,66,57,T,0,0
6/11/2010,76,60,0.79,0,0
6/12/2010,62,54,0.15,0,0
6/13/2010,67,59,0,0,0
6/14/2010,69,61,0.26,0,0
6/15/2010,76,61,0.01,0,0
6/16/2010,80,60,0,0,0
6/17/2010,89,66,0.01,0,0
6/18/2010,86,64,0,0,0
6/19/2010,76,64,0,0,0
6/20/2010,82,61,0,0,0
6/21/2010,79,69,0.07,0,0
6/22/2010,91,67,0,0,0
6/23/2010,80,64,0.32,0,0
6/24/2010,82,60,0,0,0
6/25/2010,86,65,0.73,T,0
6/26/2010,84,66,2.15,0,0
6/27/2010,84,68,0,0,0
6/28/2010,75,63,0,0,0
6/29/2010,74,58,0,0,0
6/30/2010,79,57,0,0,0
7/1/2010,86,63,0,0,0
7/2/2010,88,68,0,0,0
7/3/2010,92,74,0,0,0
7/4/2010,85,73,0.1,0,0
7/5/2010,85,70,0.8,0,0
7/6/2010,88,70,0,0,0
7/7/2010,87,68,0.22,0,0
7/8/2010,85,63,0,0,0
7/9/2010,87,67,0,0,0
7/10/2010,86,69,0.08,0,0
7/11/2010,83,66,0.17,0,0
7/12/2010,79,61,0,0,0
7/13/2010,85,63,0,0,0
7/14/2010,93,71,0.27,0,0
7/15/2010,85,65,0,0,0
7/16/2010,90,70,0,0,0
7/17/2010,92,67,0.28,0,0
7/18/2010,84,68,0,0,0
7/19/2010,80,64,0,0,0
7/20/2010,86,65,0,0,0
7/21/2010,88,66,0,0,0
7/22/2010,77,68,0.28,0,0
7/23/2010,86,68,T,0,0
7/24/2010,83,64,0.51,0,0
7/25/2010,83,64,0,0,0
7/26/2010,86,67,0,0,0
7/27/2010,94,72,0.2,0,0
7/28/2010,83,67,0,0,0
7/29/2010,82,65,0,0,0
7/30/2010,74,67,0.12,0,0
7/31/2010,86,68,0,0,0
8/1/2010,87,70,T,0,0
8/2/2010,86,76,T,0,0
8/3/2010,95,74,0,0,0
8/4/2010,90,71,0,0,0
8/5/2010,82,66,0,0,0
8/6/2010,85,63,0,0,0
8/7/2010,89,68,0.07,0,0
8/8/2010,96,75,0.32,0,0
8/9/2010,95,76,0,0,0
8/10/2010,90,71,2.47,0,0
8/11/2010,93,72,0,0,0
8/12/2010,92,72,T,0,0
8/13/2010,88,68,1.47,0,0
8/14/2010,86,65,T,0,0
8/15/2010,77,63,0,0,0
8/16/2010,79,58,0,0,0
8/17/2010,78,58,0,0,0
8/18/2010,78,66,0,0,0
8/19/2010,80,71,T,0,0
8/20/2010,86,74,T,0,0
8/21/2010,85,69,0,0,0
8/22/2010,88,65,0,0,0
8/23/2010,88,72,0,0,0
8/24/2010,78,63,0.23,0,0
8/25/2010,73,58,0,0,0
8/26/2010,79,56,0,0,0
8/27/2010,88,63,0,0,0
8/28/2010,89,67,0,0,0
8/29/2010,94,68,0,0,0
8/30/2010,92,77,T,0,0
8/31/2010,86,68,0.35,0,0
9/1/2010,77,60,0,0,0
9/2/2010,73,59,0.74,0,0
9/3/2010,61,51,T,0,0
9/4/2010,69,48,0,0,0
9/5/2010,73,50,0,0,0
9/6/2010,71,59,0.13,0,0
9/7/2010,63,52,T,0,0
9/8/2010,69,46,0,0,0
9/9/2010,65,52,T,0,0
9/10/2010,71,58,0.16,0,0
9/11/2010,73,56,0,0,0
9/12/2010,79,54,0,0,0
9/13/2010,74,54,0,0,0
9/14/2010,68,53,0,0,0
9/15/2010,66,52,0.91,0,0
9/16/2010,56,50,0,0,0
9/17/2010,64,53,0.01,0,0
9/18/2010,60,45,T,0,0
9/19/2010,64,50,0,0,0
9/20/2010,80,52,0.03,0,0
9/21/2010,77,53,0.53,T,0
9/22/2010,65,48,1.01,0,0
9/23/2010,74,57,1.98,0,0
9/24/2010,61,50,0,0,0
9/25/2010,61,45,0.02,0,0
9/26/2010,65,41,0,0,0
9/27/2010,75,45,0,0,0
9/28/2010,66,54,0,0,0
9/29/2010,74,52,0,0,0
9/30/2010,72,49,0,0,0
10/1/2010,70,47,T,0,0
10/2/2010,56,41,0,0,0
10/3/2010,59,38,0,0,0
10/4/2010,65,41,0,0,0
10/5/2010,74,45,0,0,0
10/6/2010,71,54,0,0,0
10/7/2010,74,46,0,0,0
10/8/2010,87,57,0,0,0
10/9/2010,83,58,0,0,0
10/10/2010,81,54,0,0,0
10/11/2010,80,54,0,0,0
10/12/2010,72,52,0,0,0
10/13/2010,66,47,0,0,0
10/14/2010,69,45,0,0,0
10/15/2010,61,43,0,0,0
10/16/2010,66,46,0,0,0
10/17/2010,59,40,T,0,0
10/18/2010,56,39,T,0,0
10/19/2010,60,40,0,0,0
10/20/2010,68,43,0,0,0
10/21/2010,53,40,0,0,0
10/22/2010,68,36,0,0,0
10/23/2010,65,52,0.01,0,0
10/24/2010,61,53,0.51,0,0
10/25/2010,61,52,0.67,0,0
10/26/2010,63,42,0.37,0,0
10/27/2010,42,35,0.05,T,0
10/28/2010,42,30,0,0,0
10/29/2010,53,28,0,0,0
10/30/2010,52,35,0,0,0
10/31/2010,49,30,0,0,0
11/1/2010,52,31,0,0,0
11/2/2010,56,34,0,0,0
11/3/2010,56,44,0,0,0
11/4/2010,46,33,0,0,0
11/5/2010,45,27,0,0,0
11/6/2010,57,31,0,0,0
11/7/2010,61,36,0,0,0
11/8/2010,63,43,0,0,0
11/9/2010,69,43,0,0,0
11/10/2010,68,45,0.17,0,0
11/11/2010,52,37,0,0,0
11/12/2010,43,36,0.03,T,0
11/13/2010,36,33,0.98,7.7,1
11/14/2010,35,33,0.06,0.3,4
11/15/2010,39,27,0,0,3
11/16/2010,35,30,0.02,0.1,3
11/17/2010,37,30,0,0,2
11/18/2010,31,27,T,T,2
11/19/2010,39,23,0,0,1
11/20/2010,29,18,0.02,0,T
11/21/2010,34,27,0.03,0,T
11/22/2010,31,14,0.02,0.1,T
11/23/2010,24,12,0,0,T
11/24/2010,33,20,0.12,1.1,T
11/25/2010,27,6,T,T,1
11/26/2010,26,11,0,0,1
11/27/2010,28,10,0,0,1
11/28/2010,45,27,0,0,1
11/29/2010,41,36,0.59,0,T
11/30/2010,36,18,0.03,0.5,T
12/1/2010,20,15,T,T,1
12/2/2010,20,11,T,T,1
12/3/2010,20,10,0.43,5.1,1
12/4/2010,25,11,0.09,1,6
12/5/2010,18,4,0.01,0.5,6
12/6/2010,21,14,T,0.3,6
12/7/2010,17,8,0,0,6
12/8/2010,18,3,T,T,6
12/9/2010,34,11,0.01,0.2,6
12/10/2010,28,16,0.05,0.8,5
12/11/2010,22,8,1.16,16.3,9
12/12/2010,8,-1,0,0,18
12/13/2010,6,-8,0,0,17
12/14/2010,10,-6,0,0,17
12/15/2010,17,4,0,0,16
12/16/2010,20,12,T,T,16
12/17/2010,15,8,T,T,15
12/18/2010,17,8,T,T,14
12/19/2010,15,3,0,0,14
12/20/2010,26,10,0.36,4.6,14
12/21/2010,31,20,0.05,T,16
12/22/2010,32,27,T,T,16
12/23/2010,27,23,0.15,2.3,16
12/24/2010,26,18,0.18,2.3,19
12/25/2010,20,16,T,T,19
12/26/2010,24,7,T,T,19
12/27/2010,21,7,T,T,18
12/28/2010,34,14,0,0,17
12/29/2010,37,25,T,0,16
12/30/2010,42,17,0.27,0,13
12/31/2010,24,7,0.03,0.2,10
1/1/2011,9,1,T,T,9
1/2/2011,17,0,T,0.1,9
1/3/2011,21,8,0.03,1.1,9
1/4/2011,9,-5,T,T,10
1/5/2011,25,3,0.04,0.4,10
1/6/2011,18,7,T,T,10
1/7/2011,15,8,0.01,0.3,10
1/8/2011,12,1,T,T,10
1/9/2011,16,-4,T,T,10
1/10/2011,22,12,0.16,1.5,8
1/11/2011,23,18,0.1,1.2,10
1/12/2011,21,2,0,0,11
1/13/2011,16,0,0.08,1.9,10
1/14/2011,18,14,0.17,2.5,12
1/15/2011,16,2,0,0,13
1/16/2011,15,4,0.01,0.2,13
1/17/2011,25,15,0.07,1.3,14
1/18/2011,19,7,T,T,12
1/19/2011,13,-3,0.01,0.2,12
1/20/2011,9,-11,0.01,0.1,12
1/21/2011,3,-16,0.01,1.1,12
1/22/2011,6,-3,T,0.1,12
1/23/2011,13,-8,0,0,12
1/24/2011,27,11,0.01,0.1,12
1/25/2011,20,13,T,T,12
1/26/2011,25,15,T,T,12
1/27/2011,27,22,0.01,0.2,11
1/28/2011,31,23,0,0,11
1/29/2011,32,15,T,T,11
1/30/2011,23,14,0.03,0.5,10
1/31/2011,21,14,0.25,4.2,12
2/1/2011,15,5,T,T,14
2/2/2011,12,-4,0,0,13
2/3/2011,19,-2,0,0,13
2/4/2011,34,10,0,0,13
2/5/2011,27,14,0.01,0.2,12
2/6/2011,29,23,0.01,0.3,12
2/7/2011,23,0,T,T,12
2/8/2011,3,-10,0,0,12
2/9/2011,8,-7,0,0,11
2/10/2011,12,-11,0,0,11
2/11/2011,32,-6,0.01,0.2,11
2/12/2011,38,18,0,0,11
2/13/2011,48,29,0,0,10
2/14/2011,39,32,0,0,6
2/15/2011,42,32,0,0,5
2/16/2011,52,28,T,0,5
2/17/2011,46,30,0.01,0,4
2/18/2011,30,15,0,0,2
2/19/2011,29,10,0,0,2
2/20/2011,27,24,0.85,11.8,2
2/21/2011,24,16,0.11,2,14
2/22/2011,27,6,T,T,15
2/23/2011,34,25,T,T,13
2/24/2011,29,15,0,0,11
2/25/2011,15,0,0.02,0.3,11
2/26/2011,8,-2,0.1,1.3,11
2/27/2011,28,2,T,T,12
2/28/2011,25,2,0,0,11
3/1/2011,41,5,0,0,11
3/2/2011,17,-3,0,0,10
3/3/2011,32,14,0.01,0.1,9
3/4/2011,30,23,0,0,9
3/5/2011,29,17,0,0,9
3/6/2011,30,11,0.12,1.7,8
3/7/2011,30,24,0.03,0.4,10
3/8/2011,39,27,T,T,10
3/9/2011,36,30,0.09,1,10
3/10/2011,33,22,0,0,9
3/11/2011,43,20,0.04,0.5,9
3/12/2011,31,16,T,T,7
3/13/2011,30,15,T,T,7
3/14/2011,38,14,0,0,6
3/15/2011,44,30,0.04,0,6
3/16/2011,52,29,0,0,5
3/17/2011,53,38,0,0,1
3/18/2011,40,28,0,0,T
3/19/2011,50,24,0.04,T,T
3/20/2011,44,37,0.1,0,0
3/21/2011,46,35,0,0,0
3/22/2011,39,33,1.14,0.4,0
3/23/2011,33,18,0.34,4.1,2
3/24/2011,33,13,0,0,4
3/25/2011,33,18,0,0,4
3/26/2011,30,16,0,0,4
3/27/2011,34,16,0,0,3
3/28/2011,36,18,0,0,3
3/29/2011,42,21,0,0,2
3/30/2011,44,21,0,0,1
3/31/2011,48,35,0.11,0,T
4/1/2011,47,35,0.07,T,T
4/2/2011,54,31,0,0,0
4/3/2011,56,43,T,0,0
4/4/2011,48,34,0.01,T,0
4/5/2011,56,30,0,0,0
4/6/2011,58,39,0,0,0
4/7/2011,64,36,0,0,0
4/8/2011,64,41,0,0,0
4/9/2011,58,48,0.01,0,0
4/10/2011,76,46,0.1,0,0
4/11/2011,63,43,0,0,0
4/12/2011,68,42,0,0,0
4/13/2011,62,44,T,0,0
4/14/2011,48,35,T,0,0
4/15/2011,49,33,0.13,0.6,0
4/16/2011,41,32,T,T,1
4/17/2011,49,32,0,0,0
4/18/2011,50,35,0,0,0
4/19/2011,45,35,T,T,0
4/20/2011,46,32,0.2,1.3,1
4/21/2011,50,32,0.16,0,0
4/22/2011,45,39,0.09,0,0
4/23/2011,48,39,0.04,0,0
4/24/2011,62,36,0,0,0
4/25/2011,65,39,0,0,0
4/26/2011,57,38,1.46,0,0
4/27/2011,44,35,T,T,0
4/28/2011,56,35,0.06,T,0
4/29/2011,65,36,T,0,0
4/30/2011,60,43,0.47,0,0
5/1/2011,43,33,T,T,0
5/2/2011,40,33,T,T,0
5/3/2011,59,32,0,0,0
5/4/2011,66,37,T,0,0
5/5/2011,63,46,0.15,0,0
5/6/2011,70,45,0,0,0
5/7/2011,72,53,0,0,0
5/8/2011,65,53,0.18,0,0
5/9/2011,70,54,0.47,T,0
5/10/2011,88,56,T,0,0
5/11/2011,78,61,0.02,0,0
5/12/2011,65,51,0.02,0,0
5/13/2011,56,46,T,0,0
5/14/2011,52,44,0.08,0,0
5/15/2011,64,44,0,0,0
5/16/2011,69,40,0,0,0
5/17/2011,68,44,0,0,0
5/18/2011,73,49,0,0,0
5/19/2011,71,58,0,0,0
5/20/2011,73,59,0.28,0,0
5/21/2011,73,61,1.74,0,0
5/22/2011,69,58,0.57,0,0
5/23/2011,75,59,0.01,0,0
5/24/2011,67,56,0.01,0,0
5/25/2011,64,50,0.1,0,0
5/26/2011,64,45,0,0,0
5/27/2011,63,47,0.22,0,0
5/28/2011,70,50,0.15,0,0
5/29/2011,68,54,0.01,0,0
5/30/2011,88,62,0.03,0,0
5/31/2011,77,59,T,0,0
6/1/2011,76,55,0,0,0
6/2/2011,80,60,0,0,0
6/3/2011,91,68,0.02,0,0
6/4/2011,84,64,0,0,0
6/5/2011,84,62,0,0,0
6/6/2011,97,70,0,0,0
6/7/2011,103,78,0,0,0
6/8/2011,83,58,0,0,0
6/9/2011,68,52,T,0,0
6/10/2011,62,53,0.29,0,0
6/11/2011,69,52,0.02,0,0
6/12/2011,68,52,0,0,0
6/13/2011,77,55,0,0,0
6/14/2011,80,61,0.92,0,0
6/15/2011,74,58,0.43,0,0
6/16/2011,80,62,0,0,0
6/17/2011,84,60,0.8,0,0
6/18/2011,72,67,0.28,0,0
6/19/2011,79,63,0,0,0
6/20/2011,77,62,0,0,0
6/21/2011,79,65,1.2,0,0
6/22/2011,70,53,1.29,0,0
6/23/2011,63,53,0.01,0,0
6/24/2011,78,52,0,0,0
6/25/2011,68,61,0.02,0,0
6/26/2011,79,61,T,0,0
6/27/2011,77,61,T,0,0
6/28/2011,79,58,0,0,0
6/29/2011,86,62,0,0,0
6/30/2011,95,72,0,0,0
7/1/2011,99,71,0.14,0,0
7/2/2011,85,67,0,0,0
7/3/2011,86,64,0,0,0
7/4/2011,90,68,0,0,0
7/5/2011,88,70,0.01,0,0
7/6/2011,87,64,0,0,0
7/7/2011,87,69,T,0,0
7/8/2011,91,71,0,0,0
7/9/2011,88,76,T,0,0
7/10/2011,92,69,0.62,0,0
7/11/2011,88,69,T,0,0
7/12/2011,78,65,0,0,0
7/13/2011,77,61,0,0,0
7/14/2011,74,64,0.13,0,0
7/15/2011,77,71,1.84,0,0
7/16/2011,87,71,1.08,0,0
7/17/2011,93,79,T,0,0
7/18/2011,98,80,T,0,0
7/19/2011,97,74,0.28,0,0
7/20/2011,96,80,0,0,0
7/21/2011,86,71,0,0,0
7/22/2011,89,71,0,0,0
7/23/2011,85,68,0.68,0,0
7/24/2011,83,63,0,0,0
7/25/2011,89,68,0,0,0
7/26/2011,84,68,T,0,0
7/27/2011,89,72,0.44,0,0
7/28/2011,89,73,0,0,0
7/29/2011,89,68,0,0,0
7/30/2011,90,68,0.01,0,0
7/31/2011,93,68,0,0,0
8/1/2011,83,71,0.82,0,0
8/2/2011,88,74,0.01,0,0
8/3/2011,87,67,0,0,0
8/4/2011,85,68,0,0,0
8/5/2011,85,70,0,0,0
8/6/2011,88,73,T,0,0
8/7/2011,82,67,0,0,0
8/8/2011,82,68,0,0,0
8/9/2011,76,62,0,0,0
8/10/2011,81,58,0,0,0
8/11/2011,84,63,0,0,0
8/12/2011,77,65,0.01,0,0
8/13/2011,81,62,0.61,0,0
8/14/2011,84,63,0,0,0
8/15/2011,84,67,0,0,0
8/16/2011,84,68,1.42,0,0
8/17/2011,81,62,0,0,0
8/18/2011,84,61,0,0,0
8/19/2011,84,65,0.01,0,0
8/20/2011,78,61,0.01,0,0
8/21/2011,79,61,T,0,0
8/22/2011,85,62,0,0,0
8/23/2011,87,68,0.12,0,0
8/24/2011,81,67,0,0,0
8/25/2011,83,63,0,0,0
8/26/2011,87,66,0,0,0
8/27/2011,79,60,T,0,0
8/28/2011,78,59,0,0,0
8/29/2011,81,59,0,0,0
8/30/2011,71,64,0.02,0,0
8/31/2011,85,64,T,0,0
9/1/2011,94,71,0,0,0
9/2/2011,82,72,0.02,0,0
9/3/2011,81,60,T,0,0
9/4/2011,71,53,T,0,0
9/5/2011,72,48,0,0,0
9/6/2011,74,51,0,0,0
9/7/2011,79,53,0,0,0
9/8/2011,86,57,0,0,0
9/9/2011,90,63,0,0,0
9/10/2011,89,63,0,0,0
9/11/2011,89,65,0,0,0
9/12/2011,90,61,0,0,0
9/13/2011,70,54,0,0,0
9/14/2011,60,41,0,0,0
9/15/2011,58,36,0,0,0
9/16/2011,60,48,0,0,0
9/17/2011,67,49,T,0,0
9/18/2011,61,53,0.2,0,0
9/19/2011,75,51,0,0,0
9/20/2011,73,55,0.04,0,0
9/21/2011,61,49,0.05,0,0
9/22/2011,57,46,T,0,0
9/23/2011,60,47,0,0,0
9/24/2011,62,41,0,0,0
9/25/2011,67,45,T,0,0
9/26/2011,70,53,T,0,0
9/27/2011,67,58,0.05,0,0
9/28/2011,81,56,0,0,0
9/29/2011,66,55,T,0,0
9/30/2011,64,44,0,0,0
10/1/2011,64,38,0,0,0
10/2/2011,80,43,0,0,0
10/3/2011,83,50,0,0,0
10/4/2011,85,52,0,0,0
10/5/2011,88,62,0,0,0
10/6/2011,83,57,0,0,0
10/7/2011,85,65,0,0,0
10/8/2011,83,71,T,0,0
10/9/2011,83,64,0,0,0
10/10/2011,76,57,0.12,0,0
10/11/2011,76,54,0.02,0,0
10/12/2011,69,57,0.54,0,0
10/13/2011,60,48,T,0,0
10/14/2011,57,48,0,0,0
10/15/2011,60,43,T,0,0
10/16/2011,59,45,0,0,0
10/17/2011,58,41,0,0,0
10/18/2011,47,42,T,0,0
10/19/2011,49,39,0,0,0
10/20/2011,55,35,0,0,0
10/21/2011,61,32,0,0,0
10/22/2011,61,40,0,0,0
10/23/2011,58,42,0.01,0,0
10/24/2011,62,39,0,0,0
10/25/2011,56,42,T,0,0
10/26/2011,51,40,T,0,0
10/27/2011,53,36,0.01,0,0
10/28/2011,56,34,0,0,0
10/29/2011,54,31,0,0,0
10/30/2011,50,39,T,0,0
10/31/2011,50,33,0,0,0
11/1/2011,55,45,T,0,0
11/2/2011,51,37,T,0,0
11/3/2011,54,30,0,0,0
11/4/2011,56,28,0,0,0
11/5/2011,57,40,0,0,0
11/6/2011,55,43,T,0,0
11/7/2011,50,35,0,0,0
11/8/2011,47,34,0,0,0
11/9/2011,50,34,T,T,0
11/10/2011,39,31,T,T,0
11/11/2011,50,30,0,0,0
11/12/2011,64,31,0,0,0
11/13/2011,49,40,0,0,0
11/14/2011,52,35,0,0,0
11/15/2011,51,30,0,0,0
11/16/2011,39,24,0,0,0
11/17/2011,32,16,0,0,0
11/18/2011,48,32,0,0,0
11/19/2011,37,23,0.21,3,0
11/20/2011,27,16,0,0,3
11/21/2011,36,20,0,0,2
11/22/2011,38,34,0,0,1
11/23/2011,52,35,0,0,0
11/24/2011,59,36,0,0,0
11/25/2011,54,44,0,0,0
11/26/2011,50,37,0.08,0,0
11/27/2011,37,31,T,0,0
11/28/2011,39,25,0,0,0
11/29/2011,40,25,0,0,0
11/30/2011,41,24,0.01,T,0
12/1/2011,32,17,0.04,0.4,T
12/2/2011,34,14,0,0,T
12/3/2011,34,29,0.18,4.2,T
12/4/2011,29,22,0.01,0.2,4
12/5/2011,22,17,T,T,3
12/6/2011,19,10,T,0.1,3
12/7/2011,29,14,0,0,3
12/8/2011,29,12,0,0,2
12/9/2011,17,5,0,0,2
12/10/2011,27,6,0,0,2
12/11/2011,39,19,0,0,2
12/12/2011,40,36,0.01,0,T
12/13/2011,38,35,0.01,0,0
12/14/2011,39,35,0.37,0,0
12/15/2011,37,19,T,T,0
12/16/2011,26,17,T,0.1,0
12/17/2011,35,20,0.01,0.2,T
12/18/2011,47,21,0,0,0
12/19/2011,38,26,0,0,0
12/20/2011,33,20,0,0,0
12/21/2011,31,18,T,0.2,0
12/22/2011,28,21,0,0,T
12/23/2011,37,19,0.02,0.2,0
12/24/2011,42,18,0,0,T
12/25/2011,42,30,0,0,T
12/26/2011,52,25,0,0,0
12/27/2011,40,24,0,0,0
12/28/2011,39,23,0.01,0,0
12/29/2011,37,28,0,0,0
12/30/2011,32,28,T,T,0
12/31/2011,43,28,0.33,1.7,0
1/1/2012,34,19,T,T,1
1/2/2012,20,11,T,T,1
1/3/2012,29,10,0,0,1
1/4/2012,37,23,0,0,1
1/5/2012,45,24,0,0,1
1/6/2012,46,37,0,0,T
1/7/2012,37,25,0,0,0
1/8/2012,40,21,0,0,0
1/9/2012,49,34,0,0,0
1/10/2012,52,27,0,0,0
1/11/2012,38,13,T,T,0
1/12/2012,14,10,T,T,T
1/13/2012,13,7,0.02,0.4,T
1/14/2012,21,5,0.03,0.5,T
1/15/2012,40,18,0,0,1
1/16/2012,32,20,0,0,T
1/17/2012,20,5,0.01,0.1,T
1/18/2012,26,-1,T,0.1,T
1/19/2012,4,-11,0,0,T
1/20/2012,12,0,0.07,1.1,T
1/21/2012,22,-1,0,0,1
1/22/2012,26,20,0.01,0,1
1/23/2012,26,19,0.15,1.9,2
1/24/2012,24,12,T,T,2
1/25/2012,32,22,T,T,2
1/26/2012,40,24,0,0,2
1/27/2012,36,20,0.04,0.1,1
1/28/2012,28,18,0.03,0.4,1
1/29/2012,22,11,T,T,1
1/30/2012,44,19,T,T,1
1/31/2012,45,29,0,0,1
2/1/2012,32,28,0,0,T
2/2/2012,36,28,0,0,T
2/3/2012,33,27,0,0,0
2/4/2012,36,23,T,T,0
2/5/2012,30,27,0,0,0
2/6/2012,46,25,0,0,0
2/7/2012,32,15,0,0,0
2/8/2012,33,12,0,0,0
2/9/2012,38,17,0,0,0
2/10/2012,28,6,T,T,0
2/11/2012,21,1,0,0,0
2/12/2012,32,6,0,0,0
2/13/2012,31,15,0.04,0.3,0
2/14/2012,34,22,0.01,0.1,T
2/15/2012,36,23,T,T,T
2/16/2012,41,24,0,0,0
2/17/2012,43,26,0,0,0
2/18/2012,37,18,0,0,0
2/19/2012,44,19,0,0,0
2/20/2012,44,27,0.23,1.9,0
2/21/2012,35,30,0.07,0.8,3
2/22/2012,35,22,0,0,2
2/23/2012,39,28,0,0,2
2/24/2012,30,14,0.01,0.1,1
2/25/2012,28,11,T,0.1,1
2/26/2012,39,26,T,T,1
2/27/2012,30,22,T,T,T
2/28/2012,33,24,0.7,0.6,T
2/29/2012,34,31,0.65,2.2,1
3/1/2012,36,29,0.09,0.8,2
3/2/2012,35,28,T,T,2
3/3/2012,28,16,0.02,0.3,2
3/4/2012,29,8,0,0,2
3/5/2012,35,16,0,0,2
3/6/2012,60,29,0,0,2
3/7/2012,54,26,0.04,0,0
3/8/2012,37,21,0.01,0.2,0
3/9/2012,34,15,0,0,0
3/10/2012,66,34,0,0,0
3/11/2012,66,46,0.02,0,0
3/12/2012,52,43,0.28,0,0
3/13/2012,67,34,0,0,0
3/14/2012,73,48,0,0,0
3/15/2012,63,42,0,0,0
3/16/2012,79,42,0,0,0
3/17/2012,80,59,0,0,0
3/18/2012,79,61,0,0,0
3/19/2012,79,61,0.58,0,0
3/20/2012,65,57,0.01,0,0
3/21/2012,66,55,0.02,0,0
3/22/2012,70,56,0.12,0,0
3/23/2012,73,59,T,0,0
3/24/2012,70,51,0,0,0
3/25/2012,58,38,0,0,0
3/26/2012,47,37,0.05,0,0
3/27/2012,68,42,T,0,0
3/28/2012,54,40,0,0,0
3/29/2012,61,40,0.16,0,0
3/30/2012,50,39,T,0,0
3/31/2012,50,41,0,0,0
4/1/2012,67,45,0,0,0
4/2/2012,70,50,0.46,T,0
4/3/2012,64,46,0,0,0
4/4/2012,62,40,0,0,0
4/5/2012,59,42,0,0,0
4/6/2012,61,37,0,0,0
4/7/2012,57,44,0.17,0,0
4/8/2012,61,37,0,0,0
4/9/2012,48,31,0,0,0
4/10/2012,44,28,0,0,0
4/11/2012,54,27,0,0,0
4/12/2012,63,34,0,0,0
4/13/2012,53,47,0.07,0,0
4/14/2012,73,45,T,0,0
4/15/2012,75,47,1.19,0,0
4/16/2012,48,34,0.24,T,0
4/17/2012,58,33,0.13,0,0
4/18/2012,63,46,0.05,0,0
4/19/2012,47,39,0.06,0,0
4/20/2012,58,33,0,0,0
4/21/2012,52,41,0.29,0,0
4/22/2012,56,41,0.03,0,0
4/23/2012,65,36,0,0,0
4/24/2012,73,49,T,0,0
4/25/2012,73,49,0.05,0,0
4/26/2012,56,44,0,0,0
4/27/2012,56,42,T,0,0
4/28/2012,51,40,0.25,T,0
4/29/2012,57,44,0.05,0,0
4/30/2012,63,44,T,0,0
5/1/2012,74,51,0.75,0,0
5/2/2012,81,58,0.03,0,0
5/3/2012,80,60,0.76,0,0
5/4/2012,74,53,0.38,0,0
5/5/2012,60,54,0.91,0,0
5/6/2012,64,52,1.4,T,0
5/7/2012,66,51,0,0,0
5/8/2012,60,49,0.06,0,0
5/9/2012,66,46,0,0,0
5/10/2012,73,46,0,0,0
5/11/2012,71,51,0.06,0,0
5/12/2012,69,50,0,0,0
5/13/2012,76,49,0,0,0
5/14/2012,85,55,0,0,0
5/15/2012,74,55,0,0,0
5/16/2012,70,47,0,0,0
5/17/2012,83,56,0,0,0
5/18/2012,93,63,0,0,0
5/19/2012,88,63,0.42,0,0
5/20/2012,63,51,0.02,0,0
5/21/2012,74,47,0,0,0
5/22/2012,85,56,0,0,0
5/23/2012,89,64,0.81,0,0
5/24/2012,65,57,2.58,0,0
5/25/2012,69,53,T,0,0
5/26/2012,64,59,0.65,0,0
5/27/2012,92,64,0.32,0,0
5/28/2012,80,60,0.19,0,0
5/29/2012,64,52,T,0,0
5/30/2012,62,47,T,0,0
5/31/2012,66,49,T,0,0
6/1/2012,72,46,0,0,0
6/2/2012,76,54,0,0,0
6/3/2012,77,57,0,0,0
6/4/2012,84,60,0,0,0
6/5/2012,83,61,0,0,0
6/6/2012,82,62,0.02,0,0
6/7/2012,82,65,0,0,0
6/8/2012,90,71,0.01,0,0
6/9/2012,92,72,0,0,0
6/10/2012,93,64,0.37,0,0
6/11/2012,74,55,0,0,0
6/12/2012,69,51,0,0,0
6/13/2012,76,55,T,0,0
6/14/2012,70,61,0.86,0,0
6/15/2012,81,63,0,0,0
6/16/2012,83,66,0.31,0,0
6/17/2012,78,60,1.15,0,0
6/18/2012,90,67,0.1,0,0
6/19/2012,93,65,0.61,0,0
6/20/2012,83,64,0.16,0,0
6/21/2012,77,61,0,0,0
6/22/2012,81,62,0,0,0
6/23/2012,78,66,T,0,0
6/24/2012,84,66,0,0,0
6/25/2012,77,60,0,0,0
6/26/2012,82,60,0,0,0
6/27/2012,93,69,0,0,0
6/28/2012,88,71,0,0,0
6/29/2012,90,64,0,0,0
6/30/2012,92,70,T,0,0
7/1/2012,94,73,0,0,0
7/2/2012,99,77,0,0,0
7/3/2012,97,68,0.05,0,0
7/4/2012,101,81,T,0,0
7/5/2012,96,79,0,0,0
7/6/2012,102,66,0.54,0,0
7/7/2012,86,64,T,0,0
7/8/2012,90,71,0,0,0
7/9/2012,87,69,0,0,0
7/10/2012,88,65,0,0,0
7/11/2012,88,66,0,0,0
7/12/2012,89,70,T,0,0
7/13/2012,91,67,1,T,0
7/14/2012,91,68,T,0,0
7/15/2012,90,74,0,0,0
7/16/2012,98,77,0,0,0
7/17/2012,94,76,0,0,0
7/18/2012,83,71,0.83,0,0
7/19/2012,84,69,0,0,0
7/20/2012,87,67,T,0,0
7/21/2012,89,71,0.22,0,0
7/22/2012,89,75,T,0,0
7/23/2012,96,76,0.05,0,0
7/24/2012,82,70,1.69,0,0
7/25/2012,92,75,0.01,0,0
7/26/2012,84,66,0,0,0
7/27/2012,80,64,0,0,0
7/28/2012,83,65,T,0,0
7/29/2012,80,66,0.51,0,0
7/30/2012,89,69,0,0,0
7/31/2012,88,68,0,0,0
8/1/2012,92,69,T,0,0
8/2/2012,90,72,0,0,0
8/3/2012,89,66,0.38,0,0
8/4/2012,78,65,0.02,0,0
8/5/2012,76,57,0,0,0
8/6/2012,86,61,0,0,0
8/7/2012,88,68,0,0,0
8/8/2012,80,64,0.01,0,0
8/9/2012,79,60,0.1,0,0
8/10/2012,79,56,0,0,0
8/11/2012,79,54,0,0,0
8/12/2012,68,61,T,0,0
8/13/2012,83,57,0,0,0
8/14/2012,78,59,T,0,0
8/15/2012,83,64,0.73,0,0
8/16/2012,71,56,0,0,0
8/17/2012,74,50,0,0,0
8/18/2012,78,56,0.02,0,0
8/19/2012,77,57,0,0,0
8/20/2012,79,51,0,0,0
8/21/2012,80,56,0,0,0
8/22/2012,79,58,0.04,0,0
8/23/2012,86,70,0.01,0,0
8/24/2012,89,66,0,0,0
8/25/2012,76,66,0.06,0,0
8/26/2012,86,67,0.01,0,0
8/27/2012,87,61,0,0,0
8/28/2012,84,66,0,0,0
8/29/2012,93,69,0,0,0
8/30/2012,92,72,0,0,0
8/31/2012,86,63,0,0,0
9/1/2012,86,65,0,0,0
9/2/2012,88,62,0,0,0
9/3/2012,92,70,0,0,0
9/4/2012,92,68,0,0,0
9/5/2012,84,61,0.02,0,0
9/6/2012,81,57,T,0,0
9/7/2012,72,55,T,0,0
9/8/2012,79,50,0,0,0
9/9/2012,75,52,0,0,0
9/10/2012,83,54,0,0,0
9/11/2012,95,63,0,0,0
9/12/2012,78,56,0.09,0,0
9/13/2012,75,53,0,0,0
9/14/2012,76,50,0,0,0
9/15/2012,85,52,0,0,0
9/16/2012,80,61,0,0,0
9/17/2012,64,47,0.19,0,0
9/18/2012,61,43,0,0,0
9/19/2012,76,52,T,0,0
9/20/2012,66,50,0,0,0
9/21/2012,63,40,T,0,0
9/22/2012,60,39,T,0,0
9/23/2012,61,36,0,0,0
9/24/2012,77,40,0,0,0
9/25/2012,68,45,0,0,0
9/26/2012,65,40,0,0,0
9/27/2012,69,41,0,0,0
9/28/2012,76,46,0,0,0
9/29/2012,82,51,0,0,0
9/30/2012,77,48,0,0,0
10/1/2012,72,53,0,0,0
10/2/2012,72,44,0,0,0
10/3/2012,78,48,0,0,0
10/4/2012,64,42,0,0,0
10/5/2012,48,36,0,0,0
10/6/2012,45,33,0,0,0
10/7/2012,53,28,0,0,0
10/8/2012,64,39,T,0,0
10/9/2012,50,36,0.03,0,0
10/10/2012,55,32,0,0,0
10/11/2012,55,33,T,0,0
10/12/2012,53,28,0,0,0
10/13/2012,53,47,0.04,0,0
10/14/2012,59,45,0,0,0
10/15/2012,61,38,T,0,0
10/16/2012,65,52,T,0,0
10/17/2012,62,47,T,0,0
10/18/2012,50,43,0.01,0,0
10/19/2012,52,38,0.21,0,0
10/20/2012,54,34,0,0,0
10/21/2012,71,42,0,0,0
10/22/2012,64,50,T,0,0
10/23/2012,65,55,0.08,0,0
10/24/2012,60,47,0.18,0,0
10/25/2012,47,35,0.75,T,0
10/26/2012,39,32,0,0,0
10/27/2012,43,28,0,0,0
10/28/2012,46,29,0,0,0
10/29/2012,45,31,0,0,0
10/30/2012,50,28,0,0,0
10/31/2012,52,25,0,0,0
11/1/2012,47,31,0,0,0
11/2/2012,39,27,0,0,0
11/3/2012,43,37,0,0,0
11/4/2012,45,30,0.01,0,0
11/5/2012,45,38,T,0,0
11/6/2012,44,38,0.31,0,0
11/7/2012,47,38,0,0,0
11/8/2012,54,34,0,0,0
11/9/2012,55,35,0,0,0
11/10/2012,69,44,0.24,0,0
11/11/2012,56,22,0.02,T,0
11/12/2012,27,19,0.01,0.2,0
11/13/2012,43,18,0,0,T
11/14/2012,51,34,0,0,0
11/15/2012,53,29,T,0,0
11/16/2012,44,23,0,0,0
11/17/2012,54,32,0,0,0
11/18/2012,57,43,0,0,0
11/19/2012,59,38,T,0,0
11/20/2012,54,33,0,0,0
11/21/2012,62,38,0,0,0
11/22/2012,60,24,0.02,0.1,0
11/23/2012,27,14,0.02,0.5,1
11/24/2012,30,11,T,T,T
11/25/2012,30,23,0,0,T
11/26/2012,23,10,0,0,T
11/27/2012,39,16,0,0,T
11/28/2012,36,25,0,0,0
11/29/2012,40,23,0,0,0
11/30/2012,36,31,0,0,0
12/1/2012,48,34,0,0,0
12/2/2012,40,29,0,0,0
12/3/2012,55,37,0.02,0,0
12/4/2012,45,21,0,0,0
12/5/2012,40,19,0,0,0
12/6/2012,46,27,T,0,0
12/7/2012,32,24,0.05,0.8,0
12/8/2012,33,25,0,0,1
12/9/2012,32,20,0.95,10.5,2
12/10/2012,20,2,T,0.1,9
12/11/2012,20,4,T,0.1,8
12/12/2012,43,12,0,0,8
12/13/2012,40,24,0,0,6
12/14/2012,39,20,0,0,6
12/15/2012,39,33,0.42,0.1,4
12/16/2012,34,20,T,T,1
12/17/2012,25,20,T,T,1
12/18/2012,29,23,T,T,1
12/19/2012,32,27,0.02,0.2,1
12/20/2012,28,13,0.02,0.5,1
12/21/2012,21,9,0,0,1
12/22/2012,29,9,0,0,1
12/23/2012,19,10,0,0,1
12/24/2012,18,6,0.01,0.5,1
12/25/2012,13,0,0,0,1
12/26/2012,19,5,0,0,1
12/27/2012,21,8,0.09,1,1
12/28/2012,26,13,0.06,1.2,3
12/29/2012,19,5,T,T,3
12/30/2012,25,1,0,0,3
12/31/2012,18,1,T,T,3
1/1/2013,20,-5,T,T,3
1/2/2013,21,14,0.01,0.4,3
1/3/2013,22,11,T,0.6,3
1/4/2013,30,16,0,0,3
1/5/2013,26,10,0,0,3
1/6/2013,24,10,0,0,3
1/7/2013,36,15,0,0,3
1/8/2013,35,16,0,0,3
1/9/2013,35,25,0,0,3
1/10/2013,39,24,0.28,0,2
1/11/2013,41,34,0.02,0,1
1/12/2013,39,5,T,T,0
1/13/2013,9,2,T,T,0
1/14/2013,14,5,0,0,T
1/15/2013,30,10,0,0,T
1/16/2013,36,14,0.02,0.3,T
1/17/2013,20,6,T,T,T
1/18/2013,41,17,0.01,0.1,T
1/19/2013,39,2,0,0,T
1/20/2013,9,-2,T,T,0
1/21/2013,-2,-10,T,T,T
1/22/2013,5,-12,0,0,T
1/23/2013,17,-5,T,0.2,T
1/24/2013,13,-6,T,T,T
1/25/2013,21,4,T,T,T
1/26/2013,23,2,0,0,0
1/27/2013,33,21,0.49,3,0
1/28/2013,33,30,T,0,3
1/29/2013,33,25,0.03,0,2
1/30/2013,26,6,T,T,2
1/31/2013,7,-10,T,T,2
2/1/2013,4,-13,0.06,2,2
2/2/2013,9,0,0.03,0.7,4
2/3/2013,13,3,0.04,0.9,4
2/4/2013,14,3,0.06,1.2,5
2/5/2013,27,8,0.05,1.2,6
2/6/2013,23,3,0.04,0.7,5
2/7/2013,25,18,T,0,5
2/8/2013,23,16,0,0,5
2/9/2013,29,22,0,0,5
2/10/2013,35,25,0.62,2.2,5
2/11/2013,32,19,T,0.1,6
2/12/2013,36,16,0,0,6
2/13/2013,39,20,0.09,0.5,6
2/14/2013,34,15,0.09,1.1,7
2/15/2013,18,6,0,0,7
2/16/2013,20,2,T,T,7
2/17/2013,32,9,0,0,7
2/18/2013,34,9,0.01,0.3,6
2/19/2013,10,0,T,T,6
2/20/2013,19,-3,0,0,5
2/21/2013,23,7,0,0,5
2/22/2013,29,20,0.24,4.2,7
2/23/2013,29,20,0,0,9
2/24/2013,34,12,0,0,8
2/25/2013,37,23,0,0,7
2/26/2013,36,17,0,0,6
2/27/2013,38,29,0,0,6
2/28/2013,31,25,0,0,6
3/1/2013,31,19,0,0,6
3/2/2013,32,10,0,0,6
3/3/2013,32,18,0,0,6
3/4/2013,29,23,0.34,3.9,5
3/5/2013,30,22,0.41,5.4,11
3/6/2013,29,17,0,0,13
3/7/2013,31,11,0,0,11
3/8/2013,39,19,0,0,11
3/9/2013,38,33,0.61,0,8
3/10/2013,36,31,0.01,T,6
3/11/2013,31,23,0,0,6
3/12/2013,29,20,T,T,6
3/13/2013,33,14,0,0,6
3/14/2013,40,24,0.06,0.6,6
3/15/2013,35,24,0.19,0.8,5
3/16/2013,27,14,0,0,6
3/17/2013,29,9,0,0,6
3/18/2013,30,11,0.23,3.1,8
3/19/2013,23,7,0,0,8
3/20/2013,21,5,0,0,8
3/21/2013,29,7,0,0,8
3/22/2013,37,13,0,0,7
3/23/2013,39,20,0,0,6
3/24/2013,33,29,0,0,6
3/25/2013,38,24,0,0,6
3/26/2013,39,27,0,0,5
3/27/2013,43,23,0,0,4
3/28/2013,44,25,0,0,4
3/29/2013,49,32,T,0,2
3/30/2013,56,36,0.19,0,T
3/31/2013,42,24,0,0,T
4/1/2013,36,19,0,0,T
4/2/2013,38,19,0,0,0
4/3/2013,48,23,0,0,0
4/4/2013,53,33,0,0,0
4/5/2013,44,28,0.07,T,0
4/6/2013,55,37,0.09,0,0
4/7/2013,48,35,0.19,0,0
4/8/2013,48,40,0.52,0,0
4/9/2013,44,31,0.48,0.7,0
4/10/2013,40,30,0.09,0.7,1
4/11/2013,36,31,0.76,4.4,1
4/12/2013,36,28,0.06,0.6,4
4/13/2013,36,29,0.01,0.2,4
4/14/2013,38,30,0.46,0.2,3
4/15/2013,40,33,0,0,2
4/16/2013,47,33,0,0,1
4/17/2013,42,35,0.26,T,0
4/18/2013,35,32,1.02,6.4,0
4/19/2013,38,26,0.12,0.9,7
4/20/2013,42,21,0,0,5
4/21/2013,51,34,0.15,T,3
4/22/2013,44,33,0.82,3.5,0
4/23/2013,42,29,0.02,0.3,3
4/24/2013,51,29,T,0,T
4/25/2013,51,33,T,T,0
4/26/2013,72,45,0.02,0,0
4/27/2013,75,43,0,0,0
4/28/2013,81,54,0.08,0,0
4/29/2013,75,51,0,0,0
4/30/2013,72,56,0,0,0
5/1/2013,56,35,0.35,T,0
5/2/2013,48,35,T,T,0
5/3/2013,38,32,0.2,0.5,0
5/4/2013,49,34,0.08,T,0
5/5/2013,67,39,0,0,0
5/6/2013,76,46,0,0,0
5/7/2013,78,53,0,0,0
5/8/2013,78,58,0.12,0,0
5/9/2013,60,43,0.1,0,0
5/10/2013,67,37,T,0,0
5/11/2013,57,42,T,0,0
5/12/2013,59,34,0,0,0
5/13/2013,72,41,0.01,0,0
5/14/2013,98,54,0,0,0
5/15/2013,79,56,0,0,0
5/16/2013,83,58,T,0,0
5/17/2013,66,57,0.25,0,0
5/18/2013,81,56,1.47,0,0
5/19/2013,82,64,1.16,0,0
5/20/2013,72,60,0.6,0,0
5/21/2013,65,49,0.07,0,0
5/22/2013,55,47,0.13,0,0
5/23/2013,65,45,0,0,0
5/24/2013,68,44,0.16,0,0
5/25/2013,62,54,T,0,0
5/26/2013,60,54,0,0,0
5/27/2013,62,55,0.05,0,0
5/28/2013,62,54,0.06,0,0
5/29/2013,76,55,0.92,0,0
5/30/2013,77,65,0.26,0,0
5/31/2013,79,63,0.25,0,0
6/1/2013,72,52,0.06,0,0
6/2/2013,67,50,0,0,0
6/3/2013,71,51,T,0,0
6/4/2013,64,57,0.02,0,0
6/5/2013,60,54,0.15,0,0
6/6/2013,58,51,T,0,0
6/7/2013,66,54,0,0,0
6/8/2013,72,56,0,0,0
6/9/2013,69,58,0.54,0,0
6/10/2013,77,59,0,0,0
6/11/2013,79,60,T,0,0
6/12/2013,76,62,0.59,0,0
6/13/2013,79,58,0,0,0
6/14/2013,79,60,0.01,0,0
6/15/2013,76,65,0.02,0,0
6/16/2013,86,60,0.01,0,0
6/17/2013,82,62,0,0,0
6/18/2013,75,57,0,0,0
6/19/2013,85,61,0,0,0
6/20/2013,91,70,0,0,0
6/21/2013,82,64,2.5,T,0
6/22/2013,82,66,0.54,0,0
6/23/2013,84,70,0.26,0,0
6/24/2013,82,66,T,0,0
6/25/2013,84,66,0,0,0
6/26/2013,89,73,T,0,0
6/27/2013,87,72,0,0,0
6/28/2013,79,67,0.09,0,0
6/29/2013,77,63,0.38,0,0
6/30/2013,82,57,0,0,0
7/1/2013,85,63,0,0,0
7/2/2013,83,61,0,0,0
7/3/2013,84,61,0,0,0
7/4/2013,90,66,0,0,0
7/5/2013,89,72,0,0,0
7/6/2013,92,76,T,0,0
7/7/2013,91,73,0.03,0,0
7/8/2013,89,67,0,0,0
7/9/2013,87,71,0.34,0,0
7/10/2013,83,63,0,0,0
7/11/2013,86,64,0,0,0
7/12/2013,90,68,0,0,0
7/13/2013,80,65,2.79,0,0
7/14/2013,86,71,0,0,0
7/15/2013,89,70,0,0,0
7/16/2013,92,76,0,0,0
7/17/2013,94,78,0,0,0
7/18/2013,94,80,0,0,0
7/19/2013,86,72,T,0,0
7/20/2013,82,66,T,0,0
7/21/2013,81,59,0.29,0,0
7/22/2013,88,67,T,0,0
7/23/2013,77,63,0,0,0
7/24/2013,78,61,T,0,0
7/25/2013,83,64,0.03,0,0
7/26/2013,72,56,0.01,0,0
7/27/2013,64,53,0.02,0,0
7/28/2013,75,53,0,0,0
7/29/2013,79,56,T,0,0
7/30/2013,72,65,T,0,0
7/31/2013,83,63,T,0,0
8/1/2013,83,59,0,0,0
8/2/2013,79,61,0,0,0
8/3/2013,80,58,0,0,0
8/4/2013,76,56,0,0,0
8/5/2013,81,61,0.65,0,0
8/6/2013,86,59,1.33,T,0
8/7/2013,77,62,0,0,0
8/8/2013,75,58,0,0,0
8/9/2013,76,60,0,0,0
8/10/2013,77,62,0,0,0
8/11/2013,80,65,0,0,0
8/12/2013,80,63,0,0,0
8/13/2013,76,57,0,0,0
8/14/2013,78,58,0,0,0
8/15/2013,79,59,0,0,0
8/16/2013,80,61,0,0,0
8/17/2013,82,60,0,0,0
8/18/2013,83,62,0,0,0
8/19/2013,88,69,0,0,0
8/20/2013,90,71,0,0,0
8/21/2013,88,74,T,0,0
8/22/2013,87,68,0,0,0
8/23/2013,88,64,0,0,0
8/24/2013,90,71,0,0,0
8/25/2013,96,80,0,0,0
8/26/2013,97,80,0,0,0
8/27/2013,96,79,0,0,0
8/28/2013,92,73,0,0,0
8/29/2013,95,75,0.03,0,0
8/30/2013,85,72,0,0,0
8/31/2013,89,66,0.06,0,0
9/1/2013,75,61,0,0,0
9/2/2013,68,55,0,0,0
9/3/2013,78,53,0,0,0
9/4/2013,88,62,0,0,0
9/5/2013,82,64,0,0,0
9/6/2013,92,70,T,0,0
9/7/2013,94,71,0,0,0
9/8/2013,77,67,T,0,0
9/9/2013,94,70,T,0,0
9/10/2013,81,70,0.02,0,0
9/11/2013,86,66,0,0,0
9/12/2013,76,57,0,0,0
9/13/2013,70,49,0,0,0
9/14/2013,73,51,0.47,0,0
9/15/2013,67,50,0.33,0,0
9/16/2013,67,44,0,0,0
9/17/2013,67,48,0.03,0,0
9/18/2013,75,60,0.14,0,0
9/19/2013,78,64,0.18,0,0
9/20/2013,66,51,0.04,0,0
9/21/2013,64,47,0,0,0
9/22/2013,74,49,0,0,0
9/23/2013,74,53,0,0,0
9/24/2013,76,53,0,0,0
9/25/2013,74,54,0,0,0
9/26/2013,82,56,0,0,0
9/27/2013,86,65,T,0,0
9/28/2013,72,51,0.14,0,0
9/29/2013,77,48,0,0,0
9/30/2013,80,58,0,0,0
10/1/2013,77,53,0,0,0
10/2/2013,77,48,0.9,0,0
10/3/2013,61,55,0.03,0,0
10/4/2013,59,55,0.29,0,0
10/5/2013,61,46,0.01,0,0
10/6/2013,55,42,0.05,0,0
10/7/2013,67,43,0,0,0
10/8/2013,77,50,0,0,0
10/9/2013,76,56,0,0,0
10/10/2013,78,52,0,0,0
10/11/2013,75,57,0.04,0,0
10/12/2013,58,46,T,0,0
10/13/2013,61,39,0,0,0
10/14/2013,55,42,0.56,0,0
10/15/2013,55,46,0.62,0,0
10/16/2013,55,42,0.01,0,0
10/17/2013,59,41,0.17,0,0
10/18/2013,53,38,0.02,0,0
10/19/2013,49,34,0.06,T,0
10/20/2013,47,33,0.08,0,0
10/21/2013,40,29,T,T,0
10/22/2013,40,26,T,T,0
10/23/2013,39,33,0,0,0
10/24/2013,44,33,0,0,0
10/25/2013,58,28,0,0,0
10/26/2013,50,36,0,0,0
10/27/2013,58,31,0,0,0
10/28/2013,44,31,0,0,0
10/29/2013,42,32,0.03,0,0
10/30/2013,50,40,0.13,0,0
10/31/2013,50,40,T,0,0
11/1/2013,52,38,0,0,0
11/2/2013,50,34,0,0,0
11/3/2013,55,35,0,0,0
11/4/2013,49,36,0.17,0,0
11/5/2013,45,30,0.18,0.7,0
11/6/2013,40,30,0.05,0.4,T
11/7/2013,36,28,0,0,0
11/8/2013,47,24,T,0,0
11/9/2013,46,36,T,0,0
11/10/2013,42,33,0,0,0
11/11/2013,39,16,T,T,0
11/12/2013,28,12,0,0,0
11/13/2013,50,23,0,0,0
11/14/2013,52,35,0,0,0
11/15/2013,56,32,0,0,0
11/16/2013,50,41,0.11,0,0
11/17/2013,46,32,0,0,0
11/18/2013,36,25,0,0,0
11/19/2013,47,23,0,0,0
11/20/2013,45,37,0,0,0
11/21/2013,39,25,0.01,T,0
11/22/2013,33,13,0,0,T
11/23/2013,19,7,0,0,T
11/24/2013,31,8,0,0,T
11/25/2013,40,28,T,T,0
11/26/2013,31,15,T,T,0
11/27/2013,25,9,0,0,0
11/28/2013,29,15,0,0,0
11/29/2013,34,14,0,0,0
11/30/2013,42,25,0,0,0
12/1/2013,34,21,0,0,0
12/2/2013,38,28,0.12,0.5,0
12/3/2013,36,32,0.08,T,0
12/4/2013,32,14,0.52,4.1,1
12/5/2013,14,0,T,T,3
12/6/2013,5,-7,0,0,3
12/7/2013,1,-11,0,0,3
12/8/2013,12,-1,0.07,1.6,3
12/9/2013,12,-3,T,0.1,4
12/10/2013,13,2,0.06,1.8,5
12/11/2013,5,-8,0,0,4
12/12/2013,19,1,T,T,4
12/13/2013,17,11,0.02,0.1,4
12/14/2013,16,0,0.06,0.7,5
12/15/2013,4,-1,0,0,5
12/16/2013,22,1,0.1,1.1,5
12/17/2013,33,9,T,T,6
12/18/2013,37,8,0,0,6
12/19/2013,28,16,0.03,0.4,5
12/20/2013,20,15,0.02,0.3,6
12/21/2013,23,16,0,0,6
12/22/2013,19,5,0.03,0.8,6
12/23/2013,5,-6,T,0.3,7
12/24/2013,11,-13,0.23,2.8,6
12/25/2013,28,9,0.02,0.2,9
12/26/2013,26,11,0.01,0.2,9
12/27/2013,40,14,0,0,8
12/28/2013,47,20,T,0,7
12/29/2013,20,-11,T,T,5
12/30/2013,2,-11,0.09,0.9,5
12/31/2013,-1,-9,T,T,6
1/1/2014,1,-8,0,0,6
1/2/2014,4,-10,0,0,6
1/3/2014,29,-10,0.12,0.3,6
1/4/2014,35,-2,0.02,T,6
1/5/2014,-2,-20,T,T,6
1/6/2014,-12,-23,T,T,6
1/7/2014,5,-15,0,0,6
1/8/2014,4,-11,0,0,6
1/9/2014,20,-11,0,0,6
1/10/2014,31,16,T,T,6
1/11/2014,32,23,0,0,6
1/12/2014,40,22,0,0,6
1/13/2014,34,27,0.01,0.3,6
1/14/2014,28,7,0.26,4.1,9
1/15/2014,25,-1,0.03,0.5,10
1/16/2014,35,7,0.05,0.6,11
1/17/2014,13,1,T,T,10
1/18/2014,23,9,0.17,4.5,14
1/19/2014,39,17,0,0,13
1/20/2014,31,-3,0.01,0.2,10
1/21/2014,6,-13,0.02,0.5,10
1/22/2014,8,-8,0.01,0.6,11
1/23/2014,2,-17,0,0,11
1/24/2014,33,2,0.08,1.3,10
1/25/2014,24,2,0.11,2.3,11
1/26/2014,18,-8,0.09,1.1,13
1/27/2014,-6,-16,0,0,12
1/28/2014,0,-16,0,0,12
1/29/2014,34,-6,0,0,12
1/30/2014,28,-4,0.44,6.4,12
1/31/2014,9,-9,0,0,16
2/1/2014,22,-1,T,T,16
2/2/2014,14,-7,0,0,15
2/3/2014,16,-1,0,0,14
2/4/2014,11,-1,0,0,14
2/5/2014,4,-5,T,T,14
2/6/2014,4,-11,0,0,14
2/7/2014,12,-5,0,0,13
2/8/2014,15,-4,T,T,13
2/9/2014,9,-7,0,0,13
2/10/2014,8,-11,0,0,13
2/11/2014,13,-12,T,T,13
2/12/2014,24,12,0.03,0.5,13
2/13/2014,30,5,T,0.2,13
2/14/2014,16,1,0,0,13
2/15/2014,19,0,0.12,1.8,13
2/16/2014,22,4,0,0,14
2/17/2014,29,18,0.32,4.9,15
2/18/2014,44,16,0,0,18
2/19/2014,40,21,0,0,17
2/20/2014,36,15,0.83,8.4,16
2/21/2014,16,6,0.06,1.5,24
2/22/2014,14,4,0,0,23
2/23/2014,17,1,0,0,21
2/24/2014,14,-3,0.01,0.2,20
2/25/2014,6,-7,T,T,20
2/26/2014,20,-11,T,T,20
2/27/2014,1,-14,0,0,20
2/28/2014,14,-9,0.04,0.9,20
3/1/2014,8,-7,T,T,21
3/2/2014,3,-15,0,0,20
3/3/2014,10,-10,0.02,0.3,19
3/4/2014,19,7,T,T,19
3/5/2014,24,12,0,0,19
3/6/2014,26,12,0,0,16
3/7/2014,33,23,T,0,16
3/8/2014,29,15,0,0,16
3/9/2014,44,17,0,0,15
3/10/2014,53,32,0,0,15
3/11/2014,44,29,T,0,13
3/12/2014,30,19,0,0,11
3/13/2014,50,20,0,0,10
3/14/2014,44,26,0,0,6
3/15/2014,31,20,0,0,5
3/16/2014,25,11,0,0,5
3/17/2014,35,23,0.06,0.2,4
3/18/2014,37,28,0.15,2.3,4
3/19/2014,36,26,0.06,0.6,7
3/20/2014,44,22,0,0,6
3/21/2014,45,20,T,T,4
3/22/2014,22,8,0,0,2
3/23/2014,26,8,T,T,2
3/24/2014,31,17,0.08,1.2,2
3/25/2014,24,10,T,T,2
3/26/2014,40,13,0,0,2
3/27/2014,40,31,0.44,0.1,T
3/28/2014,38,27,0,0,T
3/29/2014,43,22,0,0,T
3/30/2014,60,36,0,0,0
3/31/2014,58,29,0.01,0,0
4/1/2014,37,20,0.02,0.2,0
4/2/2014,43,21,0,0,0
4/3/2014,40,27,0.68,5,0
4/4/2014,40,25,0.11,1.5,6
4/5/2014,50,24,0,0,4
4/6/2014,62,40,0,0,T
4/7/2014,60,38,0,0,0
4/8/2014,54,34,0,0,0
4/9/2014,71,35,0,0,0
4/10/2014,62,45,T,0,0
4/11/2014,63,43,T,0,0
4/12/2014,55,44,0.14,0,0
4/13/2014,44,32,0,0,0
4/14/2014,38,24,0,0,0
4/15/2014,36,18,0,0,0
4/16/2014,37,28,0.68,0.3,0
4/17/2014,42,28,T,T,T
4/18/2014,52,26,0,0,0
4/19/2014,67,42,0.11,0,0
4/20/2014,74,45,0.1,0,0
4/21/2014,68,44,0.2,0,0
4/22/2014,59,38,0,0,0
4/23/2014,47,40,0.26,0,0
4/24/2014,45,38,0.84,0,0
4/25/2014,64,36,0,0,0
4/26/2014,55,37,0.04,0,0
4/27/2014,45,38,1.76,0,0
4/28/2014,45,41,0.7,0,0
4/29/2014,42,34,0.6,T,0
4/30/2014,46,35,0.03,0,0
5/1/2014,49,37,0.04,0,0
5/2/2014,59,42,T,0,0
5/3/2014,59,43,0,0,0
5/4/2014,57,36,0,0,0
5/5/2014,64,50,0,0,0
5/6/2014,65,47,0,0,0
5/7/2014,65,51,0.04,0,0
5/8/2014,69,51,0.59,0,0
5/9/2014,60,46,0,0,0
5/10/2014,70,41,0.06,0,0
5/11/2014,68,48,0.63,0,0
5/12/2014,63,49,0.27,0,0
5/13/2014,53,43,0,0,0
5/14/2014,59,38,0,0,0
5/15/2014,49,40,0,0,0
5/16/2014,54,40,0,0,0
5/17/2014,66,41,0,0,0
5/18/2014,72,49,0,0,0
5/19/2014,60,51,2.25,0,0
5/20/2014,78,50,0,0,0
5/21/2014,66,51,0,0,0
5/22/2014,71,47,0,0,0
5/23/2014,75,50,0,0,0
5/24/2014,80,58,0,0,0
5/25/2014,79,56,0,0,0
5/26/2014,82,66,0.01,0,0
5/27/2014,73,61,0.01,0,0
5/28/2014,81,58,0,0,0
5/29/2014,84,57,0,0,0
5/30/2014,87,64,0,0,0
5/31/2014,86,68,0.65,0,0
6/1/2014,72,65,2.37,0,0
6/2/2014,80,60,0.02,0,0
6/3/2014,75,56,0,0,0
6/4/2014,81,61,0,0,0
6/5/2014,78,63,0.03,0,0
6/6/2014,84,59,T,0,0
6/7/2014,67,51,0.89,0,0
6/8/2014,71,49,0,0,0
6/9/2014,70,59,T,0,0
6/10/2014,77,55,0,0,0
6/11/2014,81,61,0.18,0,0
6/12/2014,66,54,0,0,0
6/13/2014,76,51,0,0,0
6/14/2014,66,58,1.6,0,0
6/15/2014,76,57,0.64,0,0
6/16/2014,85,63,0.38,0,0
6/17/2014,82,62,0.01,0,0
6/18/2014,81,69,0.51,0,0
6/19/2014,74,65,4.13,0,0
6/20/2014,85,67,T,0,0
6/21/2014,85,67,0,0,0
6/22/2014,77,66,0.09,0,0
6/23/2014,83,66,0,0,0
6/24/2014,84,64,0,0,0
6/25/2014,72,56,0,0,0
6/26/2014,81,58,0,0,0
6/27/2014,81,70,T,0,0
6/28/2014,83,69,0.5,0,0
6/29/2014,85,64,0.01,0,0
6/30/2014,81,65,T,0,0
7/1/2014,75,55,0.15,0,0
7/2/2014,74,54,0.01,0,0
7/3/2014,78,58,0,0,0
7/4/2014,78,60,0,0,0
7/5/2014,84,65,0,0,0
7/6/2014,90,69,0.13,0,0
7/7/2014,87,65,0.37,0,0
7/8/2014,77,62,0,0,0
7/9/2014,79,58,0,0,0
7/10/2014,85,61,0,0,0
7/11/2014,81,65,1.03,0,0
7/12/2014,80,68,0.06,0,0
7/13/2014,78,63,0,0,0
7/14/2014,65,56,0.07,0,0
7/15/2014,72,54,T,0,0
7/16/2014,77,55,0,0,0
7/17/2014,79,59,0,0,0
7/18/2014,79,60,0,0,0
7/19/2014,79,67,0,0,0
7/20/2014,87,70,0,0,0
7/21/2014,92,74,0,0,0
7/22/2014,86,70,0,0,0
7/23/2014,84,61,0,0,0
7/24/2014,82,63,0,0,0
7/25/2014,81,64,0.42,0,0
7/26/2014,86,71,0,0,0
7/27/2014,78,65,0.03,0,0
7/28/2014,77,63,0,0,0
7/29/2014,81,59,0,0,0
7/30/2014,83,60,0,0,0
7/31/2014,84,63,0,0,0
8/1/2014,87,65,0,0,0
8/2/2014,87,67,T,0,0
8/3/2014,88,68,0.67,0,0
8/4/2014,81,68,0,0,0
8/5/2014,81,62,0,0,0
8/6/2014,82,62,0,0,0
8/7/2014,83,65,0,0,0
8/8/2014,83,67,0,0,0
8/9/2014,79,67,T,0,0
8/10/2014,84,68,0.15,0,0
8/11/2014,78,62,0.04,0,0
8/12/2014,80,57,0,0,0
8/13/2014,83,63,0,0,0
8/14/2014,80,59,0,0,0
8/15/2014,85,64,0,0,0
8/16/2014,86,67,0.08,0,0
8/17/2014,81,68,0.27,0,0
8/18/2014,87,67,0.01,0,0
8/19/2014,81,65,0,0,0
8/20/2014,83,65,0,0,0
8/21/2014,85,70,0.07,0,0
8/22/2014,79,70,0,0,0
8/23/2014,77,69,T,0,0
8/24/2014,89,73,0.14,0,0
8/25/2014,79,64,0,0,0
8/26/2014,76,56,T,0,0
8/27/2014,78,59,T,0,0
8/28/2014,72,61,0.02,0,0
8/29/2014,80,66,0.68,0,0
8/30/2014,77,64,0.3,0,0
8/31/2014,85,62,0.47,0,0
9/1/2014,78,65,0.17,0,0
9/2/2014,78,62,0,0,0
9/3/2014,80,60,0.13,0,0
9/4/2014,86,66,T,0,0
9/5/2014,66,55,0,0,0
9/6/2014,77,52,0,0,0
9/7/2014,76,56,0,0,0
9/8/2014,75,58,T,0,0
9/9/2014,75,61,0.18,0,0
9/10/2014,68,47,0.03,0,0
9/11/2014,57,43,0,0,0
9/12/2014,56,43,0,0,0
9/13/2014,60,39,0,0,0
9/14/2014,65,50,0,0,0
9/15/2014,62,48,0.06,0,0
9/16/2014,68,43,0,0,0
9/17/2014,77,55,0,0,0
9/18/2014,75,48,0,0,0
9/19/2014,81,57,T,0,0
9/20/2014,77,57,0.24,0,0
9/21/2014,67,50,0,0,0
9/22/2014,72,48,0,0,0
9/23/2014,74,51,0,0,0
9/24/2014,65,58,0.04,0,0
9/25/2014,77,59,0,0,0
9/26/2014,82,58,0,0,0
9/27/2014,83,63,0,0,0
9/28/2014,82,59,0,0,0
9/29/2014,67,44,0.07,0,0
9/30/2014,59,42,0,0,0
10/1/2014,59,50,0.69,0,0
10/2/2014,60,47,0.78,0,0
10/3/2014,50,36,0.09,0,0
10/4/2014,51,37,0.03,0,0
10/5/2014,49,35,0,0,0
10/6/2014,63,36,T,0,0
10/7/2014,60,45,0,0,0
10/8/2014,59,39,0,0,0
10/9/2014,54,34,0,0,0
10/10/2014,53,34,0,0,0
10/11/2014,57,31,0,0,0
10/12/2014,61,42,0,0,0
10/13/2014,57,50,0.02,0,0
10/14/2014,65,47,0,0,0
10/15/2014,66,38,0,0,0
10/16/2014,72,41,0,0,0
10/17/2014,58,49,0,0,0
10/18/2014,54,39,0,0,0
10/19/2014,69,40,0,0,0
10/20/2014,64,42,0,0,0
10/21/2014,58,38,0,0,0
10/22/2014,60,39,T,0,0
10/23/2014,68,48,0.14,0,0
10/24/2014,67,46,0,0,0
10/25/2014,63,44,0,0,0
10/26/2014,64,36,0,0,0
10/27/2014,67,43,0,0,0
10/28/2014,49,40,T,0,0
10/29/2014,43,36,0,0,0
10/30/2014,49,31,0,0,0
10/31/2014,40,26,0,0,0
11/1/2014,42,23,0,0,0
11/2/2014,56,33,0,0,0
11/3/2014,55,41,T,0,0
11/4/2014,53,37,0,0,0
11/5/2014,45,34,0.04,0,0
11/6/2014,44,30,T,0,0
11/7/2014,48,29,0.01,0,0
11/8/2014,43,34,T,0,0
11/9/2014,39,31,0,0,0
11/10/2014,31,24,0.28,2.6,1
11/11/2014,26,18,0.04,0.8,3
11/12/2014,23,15,T,T,3
11/13/2014,24,17,T,T,3
11/14/2014,22,8,0,0,3
11/15/2014,22,6,0.16,1.3,3
11/16/2014,22,7,0.01,0.3,4
11/17/2014,15,6,0,0,4
11/18/2014,18,8,T,T,4
11/19/2014,23,16,0.02,0.5,4
11/20/2014,18,7,0,0,4
11/21/2014,34,3,0,0,4
11/22/2014,39,34,0,0,3
11/23/2014,51,32,0.03,T,T
11/24/2014,32,15,0.01,0.5,T
11/25/2014,24,10,0,0,T
11/26/2014,26,10,0.17,2.2,T
11/27/2014,10,-4,0.02,0.3,2
11/28/2014,24,6,0.08,0.9,3
11/29/2014,38,21,0,0,3
11/30/2014,24,4,0,0,2
12/1/2014,6,-3,0,0,2
12/2/2014,22,2,T,T,2
12/3/2014,23,11,0,0,2
12/4/2014,32,14,0,0,2
12/5/2014,32,25,0,0,2
12/6/2014,32,17,0,0,1
12/7/2014,35,22,0.01,0.1,1
12/8/2014,35,21,T,T,1
12/9/2014,23,15,T,T,1
12/10/2014,29,21,0,0,1
12/11/2014,32,27,0,0,1
12/12/2014,37,32,0,0,1
12/13/2014,51,33,0.01,0,T
12/14/2014,50,43,0.01,0,0
12/15/2014,51,30,0.19,T,0
12/16/2014,30,17,0.04,0.8,1
12/17/2014,20,9,T,T,1
12/18/2014,22,11,0.02,0.4,1
12/19/2014,30,20,T,T,1
12/20/2014,32,29,0,0,1
12/21/2014,39,31,0.19,0.1,1
12/22/2014,38,35,0.12,0,0
12/23/2014,36,34,T,T,0
12/24/2014,36,31,0,0,0
12/25/2014,35,30,T,T,0
12/26/2014,32,28,0.05,0.8,0
12/27/2014,28,11,0.22,3.4,4
12/28/2014,24,7,0,0,4
12/29/2014,10,-3,0,0,4
12/30/2014,4,-7,0,0,3
12/31/2014,13,-7,0,0,3
1/1/2015,30,11,T,T,3
1/2/2015,28,6,0,0,3
1/3/2015,33,12,T,0.1,3
1/4/2015,12,-7,0,0,3
1/5/2015,1,-11,0.06,0.5,3
1/6/2015,8,-5,0,0,3
1/7/2015,-1,-9,0,0,3
1/8/2015,16,-6,0.15,3,3
1/9/2015,6,-4,0,0,5
1/10/2015,19,-4,0,0,4
1/11/2015,14,3,T,0.1,4
1/12/2015,5,-5,0,0,4
1/13/2015,15,-10,0.02,0.4,4
1/14/2015,24,15,0.01,0.2,4
1/15/2015,35,19,0,0,4
1/16/2015,30,27,0,0,4
1/17/2015,38,26,0,0,3
1/18/2015,39,25,0,0,3
1/19/2015,37,22,0.01,0.1,2
1/20/2015,32,28,0.05,0.8,2
1/21/2015,30,26,0.01,0.1,2
1/22/2015,30,18,0,0,2
1/23/2015,39,29,0,0,2
1/24/2015,42,29,T,0,2
1/25/2015,35,20,0.03,0.1,1
1/26/2015,45,22,T,T,1
1/27/2015,36,30,0,0,T
1/28/2015,31,28,T,0,T
1/29/2015,34,15,T,0,T
1/30/2015,27,11,0,0,T
1/31/2015,28,19,0,0,T
2/1/2015,21,5,0.02,0.5,T
2/2/2015,16,0,0,0,T
2/3/2015,16,6,0.06,1.5,T
2/4/2015,15,-1,0.01,0.4,2
2/5/2015,19,-7,0,0,2
2/6/2015,30,13,0,0,1
2/7/2015,36,20,0,0,1
2/8/2015,32,23,0,0,T
2/9/2015,33,20,0,0,T
2/10/2015,29,22,0.13,0.8,T
2/11/2015,30,2,0.01,0.1,1
2/12/2015,10,-3,0,0,1
2/13/2015,30,6,T,T,1
2/14/2015,12,-3,0,0,1
2/15/2015,9,0,T,T,1
2/16/2015,20,8,0.01,0.4,1
2/17/2015,10,-2,T,T,1
2/18/2015,2,-9,0,0,1
2/19/2015,9,-11,0,0,1
2/20/2015,25,5,0.07,0.8,1
2/21/2015,24,0,0.01,0.1,1
2/22/2015,0,-9,0,0,1
2/23/2015,23,-11,0,0,1
2/24/2015,32,13,0.01,0.1,1
2/25/2015,16,5,0.02,0.2,1
2/26/2015,11,-3,0,0,1
2/27/2015,15,-6,0,0,T
2/28/2015,20,-3,0,0,T
3/1/2015,28,14,T,T,T
3/2/2015,26,9,0,0,T
3/3/2015,29,6,0.13,1.9,T
3/4/2015,12,-2,0,0,2
3/5/2015,15,-7,0,0,2
3/6/2015,39,7,0,0,2
3/7/2015,44,28,0,0,T
3/8/2015,48,31,0,0,0
3/9/2015,57,32,0,0,0
3/10/2015,66,37,0,0,0
3/11/2015,58,29,0,0,0
3/12/2015,62,37,0,0,0
3/13/2015,62,39,0,0,0
3/14/2015,61,33,0,0,0
3/15/2015,70,38,0,0,0
3/16/2015,62,36,0,0,0
3/17/2015,45,26,0,0,0
3/18/2015,46,30,0,0,0
3/19/2015,50,35,T,0,0
3/20/2015,56,32,T,0,0
3/21/2015,38,26,0,0,0
3/22/2015,35,29,0.2,3.1,0
3/23/2015,32,30,0.03,0.5,4
3/24/2015,38,25,0.12,1.2,2
3/25/2015,38,31,T,0.1,1
3/26/2015,36,25,0,0,0
3/27/2015,36,17,0,0,0
3/28/2015,41,20,0,0,0
3/29/2015,53,34,0.19,0,0
3/30/2015,57,36,0,0,0
3/31/2015,65,32,0,0,0
4/1/2015,84,43,0.26,0,0
4/2/2015,65,34,0,0,0
4/3/2015,43,27,0,0,0
4/4/2015,52,32,0,0,0
4/5/2015,53,36,0,0,0
4/6/2015,43,38,0.18,0,0
4/7/2015,43,37,0.01,0,0
4/8/2015,48,37,T,0,0
4/9/2015,41,33,0.63,0.1,0
4/10/2015,56,32,0.08,0.2,0
4/11/2015,68,38,0,0,0
4/12/2015,75,51,0.65,0,0
4/13/2015,64,46,0.01,0,0
4/14/2015,72,38,0,0,0
4/15/2015,70,45,0,0,0
4/16/2015,73,52,T,0,0
4/17/2015,75,50,0,0,0
4/18/2015,73,47,0.07,0,0
4/19/2015,60,45,0.14,0,0
4/20/2015,45,36,0.02,0,0
4/21/2015,41,34,0.03,T,0
4/22/2015,49,32,0,0,0
4/23/2015,55,29,0,0,0
4/24/2015,52,42,0.34,0,0
4/25/2015,62,43,0,0,0
4/26/2015,64,36,0,0,0
4/27/2015,69,39,0,0,0
4/28/2015,65,44,0,0,0
4/29/2015,68,44,0,0,0
4/30/2015,68,47,0,0,0
5/1/2015,66,49,0.01,0,0
5/2/2015,80,52,0,0,0
5/3/2015,83,56,0.05,0,0
5/4/2015,72,50,0,0,0
5/5/2015,70,51,0.02,0,0
5/6/2015,77,56,T,0,0
5/7/2015,76,62,0.35,0,0
5/8/2015,62,49,0.02,0,0
5/9/2015,69,44,0,0,0
5/10/2015,60,48,0.72,0,0
5/11/2015,55,44,0.07,0,0
5/12/2015,58,39,0.02,0,0
5/13/2015,67,43,0,0,0
5/14/2015,57,51,0.34,0,0
5/15/2015,67,53,0,0,0
5/16/2015,76,58,0.06,0,0
5/17/2015,74,48,0.08,0,0
5/18/2015,48,40,T,0,0
5/19/2015,57,37,T,0,0
5/20/2015,62,41,0,0,0
5/21/2015,74,45,0,0,0
5/22/2015,75,46,0,0,0
5/23/2015,73,51,T,0,0
5/24/2015,64,58,0.52,0,0
5/25/2015,73,57,0.16,0,0
5/26/2015,63,57,0.59,0,0
5/27/2015,84,55,T,0,0
5/28/2015,84,62,0,0,0
5/29/2015,72,54,0.54,0,0
5/30/2015,64,47,0,0,0
5/31/2015,63,44,0,0,0
6/1/2015,69,52,0,0,0
6/2/2015,76,54,0,0,0
6/3/2015,67,62,0.75,0,0
6/4/2015,75,62,0,0,0
6/5/2015,75,61,0,0,0
6/6/2015,79,59,0.69,0,0
6/7/2015,83,66,0.06,0,0
6/8/2015,81,61,0,0,0
6/9/2015,92,63,0,0,0
6/10/2015,79,62,T,0,0
6/11/2015,67,58,0.3,0,0
6/12/2015,79,53,0,0,0
6/13/2015,71,60,0.07,0,0
6/14/2015,85,62,0,0,0
6/15/2015,78,64,0,0,0
6/16/2015,72,55,T,0,0
6/17/2015,79,60,0.87,0,0
6/18/2015,79,61,0,0,0
6/19/2015,79,59,0,0,0
6/20/2015,82,63,0.43,0,0
6/21/2015,86,62,0,0,0
6/22/2015,82,64,0.95,0,0
6/23/2015,79,60,0,0,0
6/24/2015,78,62,0,0,0
6/25/2015,82,63,0,0,0
6/26/2015,81,63,0.06,0,0
6/27/2015,83,60,0.02,0,0
6/28/2015,82,64,0.09,0,0
6/29/2015,83,65,0.11,0,0
6/30/2015,77,62,0,0,0
7/1/2015,73,59,0,0,0
7/2/2015,77,56,0,0,0
7/3/2015,80,60,0,0,0
7/4/2015,85,65,0,0,0
7/5/2015,88,66,0.04,0,0
7/6/2015,76,58,2.83,0,0
7/7/2015,72,54,0,0,0
7/8/2015,73,57,0,0,0
7/9/2015,81,60,0,0,0
7/10/2015,85,65,0,0,0
7/11/2015,82,67,0,0,0
7/12/2015,89,65,1.89,0,0
7/13/2015,87,66,T,0,0
7/14/2015,84,67,0,0,0
7/15/2015,81,63,0.01,0,0
7/16/2015,72,66,0.16,0,0
7/17/2015,90,65,0.62,0,0
7/18/2015,88,68,0.25,0,0
7/19/2015,84,64,0,0,0
7/20/2015,81,64,0,0,0
7/21/2015,81,61,0,0,0
7/22/2015,82,66,0,0,0
7/23/2015,84,67,0,0,0
7/24/2015,88,68,0.23,0,0
7/25/2015,86,69,0,0,0
7/26/2015,87,72,T,0,0
7/27/2015,86,71,0,0,0
7/28/2015,84,70,1.29,0,0
7/29/2015,82,66,0,0,0
7/30/2015,85,63,0,0,0
7/31/2015,82,65,0,0,0
8/1/2015,86,66,T,0,0
8/2/2015,84,66,0,0,0
8/3/2015,80,60,0,0,0
8/4/2015,82,58,0,0,0
8/5/2015,82,61,0,0,0
8/6/2015,74,64,0.24,0,0
8/7/2015,84,69,0.43,0,0
8/8/2015,80,67,0.01,0,0
8/9/2015,82,69,0.06,0,0
8/10/2015,82,66,0,0,0
8/11/2015,82,62,0,0,0
8/12/2015,85,64,0,0,0
8/13/2015,85,71,0.05,0,0
8/14/2015,94,71,0,0,0
8/15/2015,91,73,0,0,0
8/16/2015,82,69,0.51,0,0
8/17/2015,74,63,0.08,0,0
8/18/2015,67,63,0.92,0,0
8/19/2015,65,56,0.1,0,0
8/20/2015,74,53,0,0,0
8/21/2015,81,59,0,0,0
8/22/2015,82,63,0.59,0,0
8/23/2015,70,57,T,0,0
8/24/2015,67,54,0,0,0
8/25/2015,74,53,0,0,0
8/26/2015,75,51,0,0,0
8/27/2015,76,59,0,0,0
8/28/2015,76,59,T,0,0
8/29/2015,74,56,0,0,0
8/30/2015,81,62,0,0,0
8/31/2015,86,63,0,0,0
9/1/2015,86,69,0,0,0
9/2/2015,78,69,0.23,0,0
9/3/2015,84,67,0,0,0
9/4/2015,89,71,0,0,0
9/5/2015,89,75,0.01,0,0
9/6/2015,83,70,0.73,0,0
9/7/2015,82,67,T,0,0
9/8/2015,78,60,0.13,0,0
9/9/2015,71,56,0.28,0,0
9/10/2015,71,54,0.02,0,0
9/11/2015,64,48,0,0,0
9/12/2015,69,47,0,0,0
9/13/2015,75,52,0,0,0
9/14/2015,83,58,0.01,0,0
9/15/2015,87,66,T,0,0
9/16/2015,84,65,0.08,0,0
9/17/2015,78,60,2.37,0,0
9/18/2015,61,53,0.37,0,0
9/19/2015,69,48,0,0,0
9/20/2015,72,50,0.11,0,0
9/21/2015,81,55,0,0,0
9/22/2015,74,64,T,0,0
9/23/2015,76,62,0.06,0,0
9/24/2015,67,64,0.25,0,0
9/25/2015,78,61,0,0,0
9/26/2015,78,58,0,0,0
9/27/2015,82,59,0,0,0
9/28/2015,77,61,T,0,0
9/29/2015,63,48,0,0,0
9/30/2015,63,43,0,0,0
10/1/2015,63,45,0,0,0
10/2/2015,62,41,0,0,0
10/3/2015,60,42,0,0,0
10/4/2015,58,42,0,0,0
10/5/2015,62,45,0,0,0
10/6/2015,69,52,0,0,0
10/7/2015,63,43,T,0,0
10/8/2015,66,52,0.33,0,0
10/9/2015,56,43,0,0,0
10/10/2015,74,42,0,0,0
10/11/2015,85,58,0,0,0
10/12/2015,66,46,T,0,0
10/13/2015,60,43,0,0,0
10/14/2015,68,39,0,0,0
10/15/2015,61,42,0,0,0
10/16/2015,48,33,0,0,0
10/17/2015,56,31,0,0,0
10/18/2015,63,35,0,0,0
10/19/2015,76,51,T,0,0
10/20/2015,69,50,T,0,0
10/21/2015,63,44,T,0,0
10/22/2015,63,40,0,0,0
10/23/2015,54,49,0.94,0,0
10/24/2015,57,42,0.24,0,0
10/25/2015,56,38,0.01,0,0
10/26/2015,59,48,0.01,0,0
10/27/2015,55,47,0.35,0,0
10/28/2015,47,34,0.38,T,0
10/29/2015,49,35,0.01,T,0
10/30/2015,53,40,0.01,0,0
10/31/2015,51,44,0.33,0,0
11/1/2015,56,40,0,0,0
11/2/2015,70,45,0,0,0
11/3/2015,71,45,0,0,0
11/4/2015,62,52,0,0,0
11/5/2015,65,42,0.01,0,0
11/6/2015,47,39,0,0,0
11/7/2015,50,33,0,0,0
11/8/2015,59,43,0,0,0
11/9/2015,62,44,0,0,0
11/10/2015,61,38,0,0,0
11/11/2015,53,42,1.73,0,0
11/12/2015,45,37,0.37,0,0
11/13/2015,45,31,0,0,0
11/14/2015,57,32,0,0,0
11/15/2015,62,38,0,0,0
11/16/2015,53,47,0.17,0,0
11/17/2015,55,49,1.21,0,0
11/18/2015,59,37,0.5,0,0
11/19/2015,37,30,T,T,0
11/20/2015,31,25,0,0,0
11/21/2015,28,15,T,T,0
11/22/2015,34,17,0,0,0
11/23/2015,46,25,0,0,0
11/24/2015,46,28,0,0,0
11/25/2015,51,33,0,0,0
11/26/2015,40,24,0.12,1.3,0
11/27/2015,27,18,0,0,1
11/28/2015,30,14,0,0,1
11/29/2015,34,19,0,0,1
11/30/2015,35,28,0.41,3.8,3
12/1/2015,34,26,0.09,0.1,4
12/2/2015,36,28,T,T,3
12/3/2015,35,22,0,0,2
12/4/2015,47,22,0,0,2
12/5/2015,44,38,0,0,1
12/6/2015,40,32,0,0,0
12/7/2015,46,31,0,0,0
12/8/2015,42,29,0.08,0,0
12/9/2015,47,30,0,0,0
12/10/2015,47,37,0.16,0,0
12/11/2015,39,36,0,0,0
12/12/2015,41,35,T,0,0
12/13/2015,40,38,0.12,0,0
12/14/2015,39,32,0.63,T,0
12/15/2015,35,31,0.01,T,0
12/16/2015,41,24,0.37,0.7,1
12/17/2015,29,17,T,T,0
12/18/2015,22,9,T,T,T
12/19/2015,28,8,0,0,0
12/20/2015,41,27,0,0,0
12/21/2015,33,30,0.02,0.3,0
12/22/2015,35,30,T,T,T
12/23/2015,36,27,0.38,0.5,0
12/24/2015,27,23,0,0,1
12/25/2015,30,25,0,0,T
12/26/2015,32,28,0.09,2.3,2
12/27/2015,28,12,0,0,2
12/28/2015,23,12,0.21,3.4,2
12/29/2015,27,20,0.15,2.1,4
12/30/2015,25,16,T,T,5
12/31/2015,20,7,0.01,0.1,5
1/1/2016,30,15,T,T,4
1/2/2016,31,14,0,0,4
1/3/2016,29,20,0,0,4
1/4/2016,26,10,0,0,4
1/5/2016,32,20,0,0,4
1/6/2016,33,23,0.05,0.4,4
1/7/2016,34,31,0.04,0.4,4
1/8/2016,34,22,0.08,1.2,5
1/9/2016,22,-6,T,T,5
1/10/2016,-1,-10,0,0,5
1/11/2016,6,-9,0.02,0.5,5
1/12/2016,3,-7,T,T,5
1/13/2016,23,-7,0.01,0.1,5
1/14/2016,26,16,0,0,5
1/15/2016,23,12,T,T,5
1/16/2016,13,-9,T,T,5
1/17/2016,-3,-14,0,0,5
1/18/2016,2,-13,0,0,5
1/19/2016,7,-7,T,T,5
1/20/2016,22,7,0.02,0.6,5
1/21/2016,24,20,T,T,5
1/22/2016,25,17,T,T,5
1/23/2016,23,18,0,0,5
1/24/2016,30,23,0.01,0.1,5
1/25/2016,30,27,0.05,0.6,5
1/26/2016,28,20,0.01,0.2,6
1/27/2016,40,15,T,T,5
1/28/2016,37,19,0,0,3
1/29/2016,34,18,0.01,0,3
1/30/2016,43,30,0.01,0,2
1/31/2016,41,27,0,0,1
2/1/2016,36,22,0,0,1
2/2/2016,30,24,0.51,8.8,1
2/3/2016,24,11,0.04,0.6,8
2/4/2016,27,8,0.03,0.3,7
2/5/2016,29,6,T,T,7
2/6/2016,36,25,T,0,6
2/7/2016,40,16,0.02,0.4,5
2/8/2016,17,11,T,T,2
2/9/2016,17,5,T,T,2
2/10/2016,13,3,0,0,2
2/11/2016,17,2,0.01,0.9,2
2/12/2016,15,0,0,0,2
2/13/2016,10,-6,0,0,2
2/14/2016,19,7,0.04,0.7,2
2/15/2016,32,18,0,0,3
2/16/2016,35,21,T,T,2
2/17/2016,29,14,0,0,2
2/18/2016,41,25,0,0,2
2/19/2016,45,35,0.37,0,1
2/20/2016,43,30,0,0,T
2/21/2016,37,26,T,T,T
2/22/2016,35,27,0,0,0
2/23/2016,40,33,0.04,0.3,0
2/24/2016,38,30,T,T,0
2/25/2016,35,26,0,0,0
2/26/2016,42,24,0,0,0
2/27/2016,58,34,0,0,0
2/28/2016,43,28,0.03,0.1,0
2/29/2016,39,19,0,0,0
3/1/2016,27,14,T,T,T
3/2/2016,32,13,0,0,0
3/3/2016,35,26,T,T,0
3/4/2016,37,29,0.05,0.4,0
3/5/2016,39,29,0,0,T
3/6/2016,60,29,0,0,0
3/7/2016,64,42,0,0,0
3/8/2016,70,40,0,0,0
3/9/2016,42,35,T,0,0
3/10/2016,49,33,0,0,0
3/11/2016,66,28,0,0,0
3/12/2016,70,49,0,0,0
3/13/2016,54,47,T,0,0
3/14/2016,58,48,0.01,0,0
3/15/2016,55,45,0.85,0,0
3/16/2016,49,40,0.05,0,0
3/17/2016,42,32,0.01,T,0
3/18/2016,37,30,T,T,0
3/19/2016,43,27,0.07,1.3,1
3/20/2016,43,26,0,0,0
3/21/2016,53,28,0,0,0
3/22/2016,55,33,0,0,0
3/23/2016,36,29,0.31,3.7,0
3/24/2016,47,28,0,0,3
3/25/2016,48,27,T,0,0
3/26/2016,51,39,0.12,0,0
3/27/2016,43,31,0.07,0,0
3/28/2016,59,28,0,0,0
3/29/2016,64,40,0.19,0,0
3/30/2016,48,43,0.4,0,0
3/31/2016,54,40,0.13,0,0
4/1/2016,41,32,0.02,0,0
4/2/2016,36,26,T,T,0
4/3/2016,68,29,0,0,0
4/4/2016,42,28,0,0,0
4/5/2016,37,28,0.07,0,0
4/6/2016,44,32,T,0,0
4/7/2016,43,33,0.04,T,0
4/8/2016,37,24,0.02,0.5,0
4/9/2016,43,20,0,0,0
4/10/2016,59,35,0,0,0
4/11/2016,44,31,0,0,0
4/12/2016,49,27,T,T,0
4/13/2016,71,41,T,0,0
4/14/2016,76,49,0,0,0
4/15/2016,77,48,0,0,0
4/16/2016,80,57,0,0,0
4/17/2016,79,58,0,0,0
4/18/2016,79,51,0.19,0,0
4/19/2016,59,48,0.08,0,0
4/20/2016,67,52,0.25,0,0
4/21/2016,66,50,0.32,0,0
4/22/2016,59,43,0,0,0
4/23/2016,71,43,T,0,0
4/24/2016,62,52,0.39,0,0
4/25/2016,55,44,0.53,0,0
4/26/2016,49,42,T,0,0
4/27/2016,53,40,0.28,0,0
4/28/2016,43,37,0.65,0,0
4/29/2016,60,34,0,0,0
4/30/2016,58,42,0,0,0
5/1/2016,63,41,0,0,0
5/2/2016,67,39,0,0,0
5/3/2016,73,48,0,0,0
5/4/2016,66,45,0,0,0
5/5/2016,79,45,T,0,0
5/6/2016,92,60,0,0,0
5/7/2016,70,51,0,0,0
5/8/2016,73,46,0,0,0
5/9/2016,68,53,0.33,0,0
5/10/2016,58,48,0.59,0,0
5/11/2016,56,49,0.15,0,0
5/12/2016,58,48,0,0,0
5/13/2016,50,39,0.18,0,0
5/14/2016,52,34,0,0,0
5/15/2016,65,34,0,0,0
5/16/2016,66,49,0,0,0
5/17/2016,65,46,0,0,0
5/18/2016,70,43,0,0,0
5/19/2016,74,50,0,0,0
5/20/2016,76,54,0,0,0
5/21/2016,80,53,0,0,0
5/22/2016,84,53,0,0,0
5/23/2016,84,66,T,0,0
5/24/2016,86,66,T,0,0
5/25/2016,76,66,0.33,0,0
5/26/2016,81,61,0.27,0,0
5/27/2016,70,63,0.24,0,0
5/28/2016,68,61,0.31,0,0
5/29/2016,79,62,T,0,0
5/30/2016,84,60,T,0,0
5/31/2016,73,63,0.02,0,0
6/1/2016,67,59,0,0,0
6/2/2016,75,56,0,0,0
6/3/2016,70,61,0.21,0,0
6/4/2016,74,58,0.06,0,0
6/5/2016,83,55,0,0,0
6/6/2016,71,56,0.01,0,0
6/7/2016,72,50,0,0,0
6/8/2016,79,54,0.02,0,0
6/9/2016,84,62,0.54,0,0
6/10/2016,91,69,T,0,0
6/11/2016,93,71,0,0,0
6/12/2016,78,61,0.99,0,0
6/13/2016,78,64,0.4,0,0
6/14/2016,74,64,1.49,0,0
6/15/2016,77,64,0,0,0
6/16/2016,80,63,0,0,0
6/17/2016,86,66,T,0,0
6/18/2016,89,70,0,0,0
6/19/2016,93,71,0.2,0,0
6/20/2016,80,65,0,0,0
6/21/2016,83,60,0,0,0
6/22/2016,83,63,0.47,0,0
6/23/2016,77,58,0,0,0
6/24/2016,82,60,0,0,0
6/25/2016,96,72,T,0,0
6/26/2016,88,67,0,0,0
6/27/2016,76,64,0,0,0
6/28/2016,77,58,0,0,0
6/29/2016,81,60,0,0,0
6/30/2016,79,61,0.1,0,0
7/1/2016,75,52,0,0,0
7/2/2016,79,60,0,0,0
7/3/2016,80,62,0,0,0
7/4/2016,80,61,0,0,0
7/5/2016,90,66,1.21,0,0
7/6/2016,88,66,0,0,0
7/7/2016,85,69,0.07,0,0
7/8/2016,80,66,0,0,0
7/9/2016,82,63,0,0,0
7/10/2016,82,66,0.4,0,0
7/11/2016,90,72,T,0,0
7/12/2016,86,71,0.08,0,0
7/13/2016,85,70,T,0,0
7/14/2016,71,62,0.12,0,0
7/15/2016,79,61,0.05,0,0
7/16/2016,81,62,0.2,0,0
7/17/2016,84,66,0.1,0,0
7/18/2016,88,67,0,0,0
7/19/2016,87,68,0,0,0
7/20/2016,93,72,0.05,0,0
7/21/2016,95,71,0.16,0,0
7/22/2016,97,74,0,0,0
7/23/2016,82,71,2.17,0,0
7/24/2016,85,72,T,0,0
7/25/2016,87,67,0,0,0
7/26/2016,91,72,0,0,0
7/27/2016,80,68,0.48,0,0
7/28/2016,77,65,0,0,0
7/29/2016,79,61,0,0,0
7/30/2016,81,67,T,0,0
7/31/2016,84,67,0,0,0
8/1/2016,85,70,0,0,0
8/2/2016,88,73,0,0,0
8/3/2016,91,74,0,0,0
8/4/2016,85,70,1.13,0,0
8/5/2016,79,64,0,0,0
8/6/2016,82,62,0,0,0
8/7/2016,82,63,0,0,0
8/8/2016,83,65,0,0,0
8/9/2016,87,69,0,0,0
8/10/2016,91,69,1.53,0,0
8/11/2016,84,69,1.11,0,0
8/12/2016,82,68,0.33,0,0
8/13/2016,81,65,0,0,0
8/14/2016,83,63,0,0,0
8/15/2016,82,64,0,0,0
8/16/2016,86,67,0.2,0,0
8/17/2016,86,64,0,0,0
8/18/2016,85,68,T,0,0
8/19/2016,79,65,0.44,0,0
8/20/2016,68,58,0.38,0,0
8/21/2016,74,56,0,0,0
8/22/2016,83,59,0,0,0
8/23/2016,84,67,1.01,0,0
8/24/2016,82,66,0.07,0,0
8/25/2016,74,61,0,0,0
8/26/2016,72,57,0,0,0
8/27/2016,69,63,0.01,0,0
8/28/2016,85,61,0,0,0
8/29/2016,86,67,1.27,0,0
8/30/2016,81,64,0.34,0,0
8/31/2016,80,58,0,0,0
9/1/2016,77,60,0,0,0
9/2/2016,76,57,0,0,0
9/3/2016,76,59,0,0,0
9/4/2016,79,60,0.02,0,0
9/5/2016,81,67,0.51,0,0
9/6/2016,81,71,0.88,0,0
9/7/2016,77,68,0.02,0,0
9/8/2016,78,62,T,0,0
9/9/2016,74,62,0.23,0,0
9/10/2016,72,57,T,0,0
9/11/2016,80,57,0,0,0
9/12/2016,81,62,0,0,0
9/13/2016,66,56,T,0,0
9/14/2016,70,47,0,0,0
9/15/2016,76,57,0.85,0,0
9/16/2016,76,63,0.06,0,0
9/17/2016,72,59,0,0,0
9/18/2016,84,54,0,0,0
9/19/2016,79,61,0.01,0,0
9/20/2016,79,57,0.03,0,0
9/21/2016,73,65,1.88,T,0
9/22/2016,73,61,0.08,0,0
9/23/2016,71,60,0.63,0,0
9/24/2016,73,63,0,0,0
9/25/2016,69,55,0.23,0,0
9/26/2016,66,51,0,0,0
9/27/2016,60,49,0.04,0,0
9/28/2016,62,50,0,0,0
9/29/2016,68,46,0,0,0
9/30/2016,71,50,0,0,0
10/1/2016,74,52,0,0,0
10/2/2016,76,51,0,0,0
10/3/2016,76,53,0,0,0
10/4/2016,76,58,0.13,0,0
10/5/2016,65,56,0.6,0,0
10/6/2016,62,44,1.01,0,0
10/7/2016,49,38,0.04,0,0
10/8/2016,52,36,0,0,0
10/9/2016,60,36,0,0,0
10/10/2016,74,49,0,0,0
10/11/2016,72,49,T,0,0
10/12/2016,50,41,0.01,0,0
10/13/2016,54,37,0,0,0
10/14/2016,63,43,0,0,0
10/15/2016,69,51,T,0,0
10/16/2016,69,44,0.01,0,0
10/17/2016,72,54,0.65,0,0
10/18/2016,66,51,0.01,0,0
10/19/2016,56,43,0,0,0
10/20/2016,52,38,0,0,0
10/21/2016,54,39,0,0,0
10/22/2016,64,39,0,0,0
10/23/2016,56,44,0,0,0
10/24/2016,56,36,0,0,0
10/25/2016,52,42,0.56,0,0
10/26/2016,46,43,0.33,0,0
10/27/2016,49,42,0,0,0
10/28/2016,72,46,0,0,0
10/29/2016,56,46,0.06,0,0
10/30/2016,46,42,0,0,0
10/31/2016,58,42,T,0,0
11/1/2016,63,45,0,0,0
11/2/2016,62,40,0,0,0
11/3/2016,65,42,0,0,0
11/4/2016,68,41,0,0,0
11/5/2016,73,43,0,0,0
11/6/2016,70,46,0,0,0
11/7/2016,65,47,0,0,0
11/8/2016,59,39,0,0,0
11/9/2016,60,36,0,0,0
11/10/2016,68,45,0,0,0
11/11/2016,50,36,0,0,0
11/12/2016,54,34,0,0,0
11/13/2016,62,42,0,0,0
11/14/2016,50,40,0,0,0
11/15/2016,55,34,0,0,0
11/16/2016,61,35,0,0,0
11/17/2016,58,46,0,0,0
11/18/2016,48,31,0.8,0.3,0
11/19/2016,32,23,T,T,T
11/20/2016,30,23,0,0,0
11/21/2016,38,22,0,0,0
11/22/2016,36,32,0.74,1.7,0
11/23/2016,35,33,0.06,0.3,2
11/24/2016,37,34,0.04,T,2
11/25/2016,36,32,T,T,0
11/26/2016,46,28,0,0,0
11/27/2016,45,29,0.31,0,0
11/28/2016,55,38,0.97,T,0
11/29/2016,38,35,0.01,T,0
11/30/2016,40,36,0.05,0,0
12/1/2016,39,33,T,0,0
12/2/2016,33,30,T,T,0
12/3/2016,32,29,T,T,0
12/4/2016,38,31,0.13,2.4,2
12/5/2016,40,27,T,0,0
12/6/2016,38,18,T,T,0
12/7/2016,21,16,T,T,T
12/8/2016,24,16,T,T,T
12/9/2016,20,10,T,T,T
12/10/2016,14,4,0.16,2,T
12/11/2016,21,13,0.33,5.1,4
12/12/2016,14,-3,T,T,6
12/13/2016,10,-7,0,0,6
12/14/2016,10,-3,0,0,6
12/15/2016,4,-9,0.03,0.2,5
12/16/2016,12,4,0.35,5,5
12/17/2016,12,-11,0.07,1.1,9
12/18/2016,2,-20,0,0,8
12/19/2016,26,2,0,0,7
12/20/2016,37,24,0,0,7
12/21/2016,41,23,0,0,7
12/22/2016,37,20,0,0,6
12/23/2016,38,33,0.1,T,6
12/24/2016,36,33,T,0,4
12/25/2016,37,32,0.97,T,4
12/26/2016,43,18,T,T,1
12/27/2016,25,17,T,T,1
12/28/2016,36,20,T,T,1
12/29/2016,33,22,T,T,1
12/30/2016,32,18,T,T,1
12/31/2016,31,20,T,T,1
1/1/2017,32,21,0,0,1
1/2/2017,33,28,0.02,T,1
1/3/2017,32,2,T,T,1
1/4/2017,4,-6,T,T,1
1/5/2017,2,-8,T,T,1
1/6/2017,5,-9,0,0,1
1/7/2017,9,-2,0,0,1
1/8/2017,18,-5,T,T,1
1/9/2017,27,17,0.07,0.7,T
1/10/2017,28,4,0.23,2.2,1
1/11/2017,10,4,0.12,2.1,4
1/12/2017,14,-6,0,0,4
1/13/2017,9,-7,0,0,4
1/14/2017,24,4,0,0,3
1/15/2017,34,1,0,0,2
1/16/2017,32,14,0.12,T,2
1/17/2017,35,29,0.11,0.6,2
1/18/2017,41,25,0,0,2
1/19/2017,37,29,0,0,2
1/20/2017,37,34,0.09,0,1
1/21/2017,38,35,0.01,0,1
1/22/2017,40,34,T,0,T
1/23/2017,35,33,T,T,T
1/24/2017,34,32,0,0,T
1/25/2017,32,29,0.09,2.2,1
1/26/2017,30,23,0,0,2
1/27/2017,31,17,0,0,2
1/28/2017,28,23,0,0,1
1/29/2017,29,18,0,0,1
1/30/2017,42,15,0.1,0.6,1
1/31/2017,38,30,0.02,T,T
2/1/2017,30,12,T,0.3,T
2/2/2017,17,8,0,0,T
2/3/2017,24,7,0,0,T
2/4/2017,35,13,0,0,T
2/5/2017,32,18,0,0,T
2/6/2017,33,18,0,0,T
2/7/2017,32,12,0.01,T,T
2/8/2017,14,1,0,0,T
2/9/2017,21,3,0,0,T
2/10/2017,46,20,0,0,T
2/11/2017,43,36,0.02,0,0
2/12/2017,40,29,T,0,0
2/13/2017,48,28,0,0,0
2/14/2017,43,26,0,0,0
2/15/2017,36,19,0,0,0
2/16/2017,42,27,0,0,0
2/17/2017,63,30,0,0,0
2/18/2017,58,34,0,0,0
2/19/2017,59,32,0,0,0
2/20/2017,55,41,0.61,0,0
2/21/2017,62,32,0,0,0
2/22/2017,59,37,0,0,0
2/23/2017,39,29,0,0,0
2/24/2017,29,20,0,0,0
2/25/2017,34,14,0,0,0
2/26/2017,40,23,0,0,0
2/27/2017,44,22,0,0,0
2/28/2017,47,32,T,0,0
3/1/2017,37,23,0.04,0.8,1
3/2/2017,31,17,0,0,T
3/3/2017,31,13,0.01,0.2,0
3/4/2017,43,26,0,0,T
3/5/2017,59,35,0,0,0
3/6/2017,65,39,0.09,0,0
3/7/2017,49,29,T,T,T
3/8/2017,36,24,T,T,T
3/9/2017,31,18,0,0,0
3/10/2017,19,5,0,0,0
3/11/2017,21,8,0,0,0
3/12/2017,23,13,0.24,3.4,0
3/13/2017,27,14,0.01,0.3,3
3/14/2017,29,9,0,0,3
3/15/2017,32,12,0,0,2
3/16/2017,40,20,T,0,2
3/17/2017,43,29,0,0,T
3/18/2017,43,30,0,0,0
3/19/2017,55,28,0,0,0
3/20/2017,56,34,0,0,0
3/21/2017,40,25,0,0,0
3/22/2017,40,21,0,0,0
3/23/2017,40,36,0.17,0,0
3/24/2017,45,38,0.01,0,0
3/25/2017,43,37,0.05,0,0
3/26/2017,44,36,0.04,0,0
3/27/2017,61,37,T,0,0
3/28/2017,64,35,0,0,0
3/29/2017,51,42,T,0,0
3/30/2017,50,39,0.02,0,0
3/31/2017,57,31,0,0,0
4/1/2017,66,35,0,0,0
4/2/2017,55,42,T,0,0
4/3/2017,53,47,0.12,0,0
4/4/2017,63,44,0,0,0
4/5/2017,56,38,0,0,0
4/6/2017,56,35,0,0,0
4/7/2017,60,33,0,0,0
4/8/2017,73,44,0,0,0
4/9/2017,72,53,0.02,0,0
4/10/2017,53,33,0.18,0.5,0
4/11/2017,53,32,T,T,1
4/12/2017,57,40,0.16,0,0
4/13/2017,55,46,0,0,0
4/14/2017,66,48,0.3,0,0
4/15/2017,72,52,1,0,0
4/16/2017,66,47,0,0,0
4/17/2017,59,45,0,0,0
4/18/2017,66,48,0.15,0,0
4/19/2017,51,45,0.8,0,0
4/20/2017,52,40,0.15,0,0
4/21/2017,63,37,0,0,0
4/22/2017,69,41,0,0,0
4/23/2017,70,49,0,0,0
4/24/2017,72,49,0.02,0,0
4/25/2017,62,47,0.45,0,0
4/26/2017,47,36,0.38,0,0
4/27/2017,36,32,0.01,T,0
4/28/2017,51,35,0,0,0
4/29/2017,56,38,0,0,0
4/30/2017,49,38,0.71,0,0
5/1/2017,41,35,0.26,T,0
5/2/2017,62,38,0.03,0,0
5/3/2017,66,45,0,0,0
5/4/2017,69,44,0,0,0
5/5/2017,78,46,0,0,0
5/6/2017,69,44,0,0,0
5/7/2017,67,49,0,0,0
5/8/2017,70,46,0.25,0,0
5/9/2017,71,52,0.03,0,0
5/10/2017,69,53,T,0,0
5/11/2017,67,47,0,0,0
5/12/2017,77,46,0,0,0
5/13/2017,80,54,0,0,0
5/14/2017,84,56,0,0,0
5/15/2017,70,60,0.24,0,0
5/16/2017,84,61,0.35,0,0
5/17/2017,72,54,1.81,0,0
5/18/2017,56,47,0.27,0,0
5/19/2017,57,44,0,0,0
5/20/2017,51,42,1.47,0,0
5/21/2017,52,46,0.04,0,0
5/22/2017,67,45,0.01,0,0
5/23/2017,61,49,0.01,0,0
5/24/2017,63,46,0,0,0
5/25/2017,71,50,0.01,0,0
5/26/2017,80,61,0,0,0
5/27/2017,72,55,T,0,0
5/28/2017,73,56,0.02,0,0
5/29/2017,65,54,T,0,0
5/30/2017,60,53,T,0,0
5/31/2017,75,51,0,0,0
6/1/2017,79,49,0,0,0
6/2/2017,90,58,T,0,0
6/3/2017,90,68,0,0,0
6/4/2017,90,63,0,0,0
6/5/2017,82,61,0,0,0
6/6/2017,82,58,0,0,0
6/7/2017,88,61,0.02,0,0
6/8/2017,85,69,0,0,0
6/9/2017,86,63,0,0,0
6/10/2017,96,77,0,0,0
6/11/2017,79,61,1.82,T,0
6/12/2017,83,66,0.2,0,0
6/13/2017,91,66,0.14,0,0
6/14/2017,85,66,0.08,0,0
6/15/2017,88,67,0,0,0
6/16/2017,86,65,T,0,0
6/17/2017,85,63,0.2,0,0
6/18/2017,73,60,0.01,0,0
6/19/2017,74,60,0,0,0
6/20/2017,76,59,0.25,0,0
6/21/2017,81,59,0,0,0
6/22/2017,72,63,0.49,0,0
6/23/2017,74,58,0,0,0
6/24/2017,66,54,T,0,0
6/25/2017,69,54,T,0,0
6/26/2017,73,50,0,0,0
6/27/2017,77,55,0,0,0
6/28/2017,83,61,0.91,0,0
6/29/2017,77,65,0,0,0
6/30/2017,80,62,0.11,0,0
7/1/2017,77,61,0.01,0,0
7/2/2017,80,65,0,0,0
7/3/2017,81,63,0,0,0
7/4/2017,86,67,0,0,0
7/5/2017,92,73,T,0,0
7/6/2017,94,76,0,0,0
7/7/2017,84,65,0,0,0
7/8/2017,85,62,0,0,0
7/9/2017,85,67,0.37,0,0
7/10/2017,86,69,0,0,0
7/11/2017,87,65,0,0,0
7/12/2017,88,69,0.03,0,0
7/13/2017,71,58,T,0,0
7/14/2017,79,59,0,0,0
7/15/2017,96,63,0,0,0
7/16/2017,87,67,0,0,0
7/17/2017,92,68,0.63,0,0
7/18/2017,82,66,0.08,0,0
7/19/2017,83,62,1.17,0,0
7/20/2017,89,68,0,0,0
7/21/2017,83,69,T,0,0
7/22/2017,91,71,0,0,0
7/23/2017,79,64,0,0,0
7/24/2017,79,60,0,0,0
7/25/2017,85,67,0.39,0,0
7/26/2017,84,69,0.44,0,0
7/27/2017,85,66,0,0,0
7/28/2017,84,65,0,0,0
7/29/2017,84,64,0,0,0
7/30/2017,86,64,0,0,0
7/31/2017,85,69,0,0,0
8/1/2017,89,67,0,0,0
8/2/2017,84,67,0,0,0
8/3/2017,67,54,0.29,0,0
8/4/2017,78,54,T,0,0
8/5/2017,79,57,0.29,0,0
8/6/2017,76,62,0.09,0,0
8/7/2017,82,57,0,0,0
8/8/2017,84,62,0,0,0
8/9/2017,71,63,0.57,0,0
8/10/2017,74,61,0.1,0,0
8/11/2017,80,58,0,0,0
8/12/2017,80,58,0,0,0
8/13/2017,72,61,1,0,0
8/14/2017,76,62,0.01,0,0
8/15/2017,78,59,0,0,0
8/16/2017,78,64,1.94,0,0
8/17/2017,74,63,0.08,0,0
8/18/2017,75,60,0.16,0,0
8/19/2017,80,59,0,0,0
8/20/2017,86,66,0,0,0
8/21/2017,80,66,0.19,0,0
8/22/2017,76,60,0,0,0
8/23/2017,77,56,0,0,0
8/24/2017,73,59,0.01,0,0
8/25/2017,71,57,0.55,0,0
8/26/2017,67,60,1.22,0,0
8/27/2017,73,63,0.24,0,0
8/28/2017,74,61,0,0,0
8/29/2017,80,58,0,0,0
8/30/2017,83,62,0.01,0,0
8/31/2017,71,56,0,0,0
9/1/2017,72,53,T,0,0
9/2/2017,82,64,T,0,0
9/3/2017,85,60,0,0,0
9/4/2017,76,55,0.07,0,0
9/5/2017,65,51,T,0,0
9/6/2017,68,49,0,0,0
9/7/2017,76,49,0,0,0
9/8/2017,68,52,0,0,0
9/9/2017,76,53,0,0,0
9/10/2017,81,61,T,0,0
9/11/2017,82,60,0,0,0
9/12/2017,85,63,0,0,0
9/13/2017,87,64,0,0,0
9/14/2017,91,66,0,0,0
9/15/2017,84,70,T,0,0
9/16/2017,80,58,0.04,0,0
9/17/2017,67,52,0,0,0
9/18/2017,59,55,0.37,0,0
9/19/2017,80,59,0,0,0
9/20/2017,75,58,0.04,0,0
9/21/2017,84,53,0,0,0
9/22/2017,94,73,0,0,0
9/23/2017,90,73,0,0,0
9/24/2017,90,70,T,0,0
9/25/2017,71,58,0.41,0,0
9/26/2017,65,53,0.11,0,0
9/27/2017,66,48,0,0,0
9/28/2017,75,52,T,0,0
9/29/2017,66,48,0,0,0
9/30/2017,69,46,0,0,0
10/1/2017,63,55,0.29,0,0
10/2/2017,71,55,2.18,0,0
10/3/2017,72,52,0.12,0,0
10/4/2017,60,46,0,0,0
10/5/2017,65,48,T,0,0
10/6/2017,60,48,0.44,0,0
10/7/2017,67,54,0.17,0,0
10/8/2017,72,50,0,0,0
10/9/2017,57,40,0,0,0
10/10/2017,52,34,0,0,0
10/11/2017,56,38,0,0,0
10/12/2017,64,53,T,0,0
10/13/2017,61,45,0,0,0
10/14/2017,59,44,0.53,0,0
10/15/2017,53,41,0.03,0,0
10/16/2017,66,39,0,0,0
10/17/2017,73,47,0,0,0
10/18/2017,73,48,0,0,0
10/19/2017,74,43,0,0,0
10/20/2017,78,53,T,0,0
10/21/2017,69,52,0.45,0,0
10/22/2017,64,48,0,0,0
10/23/2017,61,43,0,0,0
10/24/2017,51,40,0,0,0
10/25/2017,58,38,0,0,0
10/26/2017,58,35,T,T,0
10/27/2017,36,32,0.25,0.1,0
10/28/2017,34,29,0,0,0
10/29/2017,44,29,0.03,0,0
10/30/2017,40,31,T,T,0
10/31/2017,35,27,0,0,0
11/1/2017,37,26,0.05,T,0
11/2/2017,40,34,0,0,0
11/3/2017,35,27,0.05,0.5,0
11/4/2017,43,34,0.02,T,0
11/5/2017,43,25,0.07,0,0
11/6/2017,33,22,0,0,0
11/7/2017,36,28,0,0,0
11/8/2017,42,26,T,T,0
11/9/2017,30,12,T,T,0
11/10/2017,26,11,0.03,0.1,0
11/11/2017,44,24,0,0,T
11/12/2017,36,24,0,0,0
11/13/2017,46,25,T,0,0
11/14/2017,45,39,0.08,0,0
11/15/2017,46,27,T,0,0
11/16/2017,34,27,0,0,0
11/17/2017,39,34,0.09,0,0
11/18/2017,37,21,0,0,0
11/19/2017,41,18,0,0,0
11/20/2017,48,28,0,0,0
11/21/2017,42,18,T,T,0
11/22/2017,33,15,0,0,0
11/23/2017,49,23,0,0,0
11/24/2017,60,40,T,0,0
11/25/2017,41,29,0,0,0
11/26/2017,51,24,0,0,0
11/27/2017,60,32,0,0,0
11/28/2017,53,33,0,0,0
11/29/2017,46,25,0,0,0
11/30/2017,48,31,0,0,0
12/1/2017,51,28,0,0,0
12/2/2017,47,30,0,0,0
12/3/2017,50,29,0,0,0
12/4/2017,57,27,0.37,2.1,0
12/5/2017,27,16,0.01,0.1,2
12/6/2017,20,16,0.01,0.2,2
12/7/2017,21,7,0,0,2
12/8/2017,32,19,T,T,2
12/9/2017,29,19,T,T,2
12/10/2017,29,20,0,0,2
12/11/2017,35,15,0.18,0.9,2
12/12/2017,27,6,T,T,2
12/13/2017,30,17,0.01,0.3,2
12/14/2017,24,15,T,T,2
12/15/2017,30,22,0.05,0.7,2
12/16/2017,31,23,0,0,2
12/17/2017,28,18,0,0,2
12/18/2017,42,24,0,0,2
12/19/2017,38,24,0,0,2
12/20/2017,24,18,0.01,0.1,2
12/21/2017,24,19,0,0,2
12/22/2017,27,18,0,0,1
12/23/2017,23,11,0,0,1
12/24/2017,22,4,0.01,0.1,1
12/25/2017,4,-6,T,T,1
12/26/2017,1,-9,0,0,1
12/27/2017,5,-8,0,0,1
12/28/2017,11,3,0.09,1.3,1
12/29/2017,4,-6,0.05,0.6,2
12/30/2017,-6,-14,0,0,3
12/31/2017,-5,-16,0,0,3
1/1/2018,1,-14,0,0,3
1/2/2018,15,-10,T,0.1,3
1/3/2018,11,-3,0,0,3
1/4/2018,2,-5,0,0,3
1/5/2018,3,-10,0,0,2
1/6/2018,14,-11,T,T,2
1/7/2018,32,12,0,0,2
1/8/2018,37,24,0,0,2
1/9/2018,42,26,0,0,2
1/10/2018,38,33,T,0,1
1/11/2018,37,0,0.21,2.4,T
1/12/2018,3,-10,0,0,2
1/13/2018,5,-13,0,0,2
1/14/2018,17,-10,0.17,3.3,2
1/15/2018,14,1,T,T,5
1/16/2018,8,-2,T,T,4
1/17/2018,27,-1,0,0,4
1/18/2018,41,21,0,0,4
1/19/2018,44,27,0,0,3
1/20/2018,42,24,0,0,1
1/21/2018,39,32,0,0,1
1/22/2018,35,26,1.03,12.4,1
1/23/2018,28,18,T,T,11
1/24/2018,27,10,0,0,9
1/25/2018,28,24,0.01,0.1,9
1/26/2018,47,26,0,0,8
1/27/2018,34,20,0,0,4
1/28/2018,20,12,T,T,3
1/29/2018,17,4,0,0,3
1/30/2018,30,1,0,0,3
1/31/2018,32,7,0.13,2.1,5
2/1/2018,7,-4,0,0,5
2/2/2018,12,-7,0,0,4
2/3/2018,19,9,0.15,2.5,4
2/4/2018,9,-6,T,T,6
2/5/2018,14,-4,T,T,6
2/6/2018,10,-6,T,T,5
2/7/2018,15,0,0.02,0.6,5
2/8/2018,17,4,0.01,0.1,5
2/9/2018,11,1,T,T,5
2/10/2018,14,-1,0,0,5
2/11/2018,21,-2,0,0,5
2/12/2018,13,-2,0,0,5
2/13/2018,30,7,0,0,5
2/14/2018,43,17,0,0,5
2/15/2018,38,14,T,T,4
2/16/2018,20,0,0,0,3
2/17/2018,38,20,0.01,T,3
2/18/2018,45,19,0,0,3
2/19/2018,27,19,0.13,0.8,2
2/20/2018,21,8,0.05,0.3,2
2/21/2018,20,2,0,0,2
2/22/2018,30,7,0.3,3.3,2
2/23/2018,32,16,0.15,2.3,8
2/24/2018,30,5,0.51,6,7
2/25/2018,30,15,T,T,10
2/26/2018,44,14,0,0,9
2/27/2018,47,22,0,0,8
2/28/2018,45,22,0,0,7
3/1/2018,41,23,0,0,6
3/2/2018,40,17,0,0,5
3/3/2018,45,33,0,0,5
3/4/2018,42,33,0.07,0,3
3/5/2018,38,28,0.34,3.6,1
3/6/2018,34,22,0.07,1.1,5
3/7/2018,29,12,0,0,5
3/8/2018,31,12,0,0,5
3/9/2018,35,18,0,0,5
3/10/2018,35,23,T,T,4
3/11/2018,36,30,0.01,0.1,4
3/12/2018,40,21,0,0,3
3/13/2018,37,23,0,0,2
3/14/2018,46,23,0,0,2
3/15/2018,39,28,0,0,2
3/16/2018,41,23,0,0,2
3/17/2018,50,25,0,0,2
3/18/2018,43,25,0,0,2
3/19/2018,45,32,0,0,1
3/20/2018,33,23,0.08,0.4,T
3/21/2018,38,21,0,0,T
3/22/2018,43,29,0,0,T
3/23/2018,43,27,0,0,T
3/24/2018,42,29,0,0,T
3/25/2018,43,29,0,0,T
3/26/2018,40,32,0.38,0.8,1
3/27/2018,48,33,0,0,T
3/28/2018,52,29,T,0,T
3/29/2018,42,22,0,0,0
3/30/2018,43,24,0.14,1.8,0
3/31/2018,35,13,0.1,1,2
4/1/2018,31,12,0,0,1
4/2/2018,34,21,0.14,1.5,T
4/3/2018,30,18,0.57,7.5,4
4/4/2018,30,8,0,0,6
4/5/2018,40,13,0,0,5
4/6/2018,26,14,T,T,3
4/7/2018,32,12,0,0,3
4/8/2018,32,16,0.11,1.2,2
4/9/2018,38,22,T,0.1,3
4/10/2018,41,31,T,T,2
4/11/2018,48,28,0.03,0,1
4/12/2018,52,32,0,0,T
4/13/2018,41,30,0.31,1.1,0
4/14/2018,30,22,0.79,11.1,1
4/15/2018,28,22,0.22,3.5,10
4/16/2018,36,22,T,0.1,11
4/17/2018,43,23,0,0,9
4/18/2018,40,30,T,T,7
4/19/2018,53,25,0,0,5
4/20/2018,53,28,0,0,3
4/21/2018,60,36,0,0,1
4/22/2018,64,34,0,0,T
4/23/2018,71,42,0,0,T
4/24/2018,66,43,0,0,0
4/25/2018,61,35,0,0,0
4/26/2018,66,45,0,0,0
4/27/2018,65,39,T,0,0
4/28/2018,58,37,0,0,0
4/29/2018,69,38,0,0,0
4/30/2018,84,54,0.04,0,0
5/1/2018,72,57,0.43,0,0
5/2/2018,68,49,0.04,0,0
5/3/2018,75,55,T,0,0
5/4/2018,78,53,0,0,0
5/5/2018,83,56,0.08,0,0
5/6/2018,77,53,0,0,0
5/7/2018,86,60,0,0,0
5/8/2018,72,59,0.37,0,0
5/9/2018,65,55,0.11,0,0
5/10/2018,60,45,0,0,0
5/11/2018,53,47,0,0,0
5/12/2018,61,46,0.01,0,0
5/13/2018,73,44,0,0,0
5/14/2018,75,58,0.18,0,0
5/15/2018,78,52,0,0,0
5/16/2018,87,55,0,0,0
5/17/2018,85,59,0,0,0
5/18/2018,84,58,0.01,0,0
5/19/2018,72,51,0.02,0,0
5/20/2018,73,46,0,0,0
5/21/2018,71,59,0,0,0
5/22/2018,76,57,0,0,0
5/23/2018,84,62,0,0,0
5/24/2018,92,68,0.61,0,0
5/25/2018,90,66,0.16,0,0
5/26/2018,94,67,0,0,0
5/27/2018,91,67,0,0,0
5/28/2018,100,73,0.01,0,0
5/29/2018,94,68,0.89,0,0
5/30/2018,74,66,0.07,0,0
5/31/2018,86,64,0,0,0
6/1/2018,81,64,0,0,0
6/2/2018,71,59,0.17,0,0
6/3/2018,70,58,0,0,0
6/4/2018,87,56,0,0,0
6/5/2018,80,61,0,0,0
6/6/2018,80,62,0.21,0,0
6/7/2018,79,59,T,0,0
6/8/2018,74,65,0.01,0,0
6/9/2018,72,63,0.22,0,0
6/10/2018,77,64,0,0,0
6/11/2018,74,62,0.04,0,0
6/12/2018,81,63,0,0,0
6/13/2018,81,58,0.01,0,0
6/14/2018,82,64,T,0,0
6/15/2018,95,68,T,0,0
6/16/2018,88,70,0.76,0,0
6/17/2018,91,72,0.18,0,0
6/18/2018,78,68,0.4,0,0
6/19/2018,70,62,0.59,0,0
6/20/2018,80,65,0,0,0
6/21/2018,78,66,0,0,0
6/22/2018,82,63,0,0,0
6/23/2018,82,64,0,0,0
6/24/2018,81,67,0.09,0,0
6/25/2018,83,67,T,0,0
6/26/2018,73,64,1.1,0,0
6/27/2018,82,65,0,0,0
6/28/2018,86,67,0,0,0
6/29/2018,99,74,0,0,0
6/30/2018,89,75,T,0,0
7/1/2018,75,63,1.16,0,0
7/2/2018,88,66,0,0,0
7/3/2018,87,70,0.02,0,0
7/4/2018,83,71,0.67,0,0
7/5/2018,83,68,0,0,0
7/6/2018,82,63,0,0,0
7/7/2018,85,68,0,0,0
7/8/2018,90,71,0,0,0
7/9/2018,90,72,T,0,0
7/10/2018,85,68,T,0,0
7/11/2018,92,69,0,0,0
7/12/2018,95,73,2.13,0,0
7/13/2018,83,72,0.08,0,0
7/14/2018,87,69,0,0,0
7/15/2018,89,71,0,0,0
7/16/2018,86,64,0,0,0
7/17/2018,81,65,T,0,0
7/18/2018,82,64,0,0,0
7/19/2018,73,65,0.08,0,0
7/20/2018,82,65,0.09,0,0
7/21/2018,84,63,0,0,0
7/22/2018,83,64,0,0,0
7/23/2018,85,65,0,0,0
7/24/2018,85,64,0,0,0
7/25/2018,83,66,T,0,0
7/26/2018,73,61,0.08,0,0
7/27/2018,80,58,0,0,0
7/28/2018,82,58,0.13,0,0
7/29/2018,82,59,T,0,0
7/30/2018,87,61,0,0,0
7/31/2018,87,64,0,0,0
8/1/2018,80,59,0.23,0,0
8/2/2018,72,57,0,0,0
8/3/2018,85,61,1.02,0,0
8/4/2018,78,71,0.04,0,0
8/5/2018,85,72,0,0,0
8/6/2018,84,67,0,0,0
8/7/2018,80,68,T,0,0
8/8/2018,90,64,0,0,0
8/9/2018,90,71,0,0,0
8/10/2018,90,67,0,0,0
8/11/2018,88,69,0,0,0
8/12/2018,89,69,0,0,0
8/13/2018,92,71,0,0,0
8/14/2018,91,73,0,0,0
8/15/2018,89,67,0,0,0
8/16/2018,89,69,0,0,0
8/17/2018,86,68,0,0,0
8/18/2018,86,66,0,0,0
8/19/2018,86,66,0,0,0
8/20/2018,79,66,0.09,0,0
8/21/2018,77,62,0,0,0
8/22/2018,84,57,0,0,0
8/23/2018,81,60,0,0,0
8/24/2018,72,65,1.05,0,0
8/25/2018,78,65,0,0,0
8/26/2018,85,67,T,0,0
8/27/2018,84,66,0.15,0,0
8/28/2018,66,56,0.18,0,0
8/29/2018,72,52,0,0,0
8/30/2018,77,55,T,0,0
8/31/2018,85,68,0.07,0,0
9/1/2018,88,72,0,0,0
9/2/2018,82,68,0.25,0,0
9/3/2018,76,68,0.02,0,0
9/4/2018,76,67,1.18,0,0
9/5/2018,73,57,0.02,0,0
9/6/2018,74,52,0,0,0
9/7/2018,77,55,0,0,0
9/8/2018,74,57,0,0,0
9/9/2018,73,54,0,0,0
9/10/2018,79,54,0,0,0
9/11/2018,83,62,0,0,0
9/12/2018,84,69,0,0,0
9/13/2018,85,63,0,0,0
9/14/2018,88,69,0,0,0
9/15/2018,92,70,0,0,0
9/16/2018,90,72,0,0,0
9/17/2018,81,60,0.9,0,0
9/18/2018,66,60,0.66,0,0
9/19/2018,64,59,0.18,0,0
9/20/2018,68,59,3.28,0,0
9/21/2018,64,48,0.01,0,0
9/22/2018,67,45,0,0,0
9/23/2018,76,51,0,0,0
9/24/2018,76,57,0.27,0,0
9/25/2018,59,48,0.1,0,0
9/26/2018,62,44,0,0,0
9/27/2018,62,48,T,0,0
9/28/2018,56,39,0,0,0
9/29/2018,49,36,0,0,0
9/30/2018,55,46,0,0,0
10/1/2018,50,44,0.34,0,0
10/2/2018,54,49,T,0,0
10/3/2018,79,40,0.61,0,0
10/4/2018,49,35,0.22,0,0
10/5/2018,51,42,0.11,0,0
10/6/2018,49,42,0,0,0
10/7/2018,52,45,0.05,0,0
10/8/2018,54,47,0.34,0,0
10/9/2018,50,45,1.04,0,0
10/10/2018,51,37,0.14,0,0
10/11/2018,39,32,0.01,T,0
10/12/2018,46,31,0,0,0
10/13/2018,54,35,0,0,0
10/14/2018,42,32,0.09,0.3,0
10/15/2018,45,30,0,0,0
10/16/2018,56,39,0,0,0
10/17/2018,50,34,0,0,0
10/18/2018,72,33,0,0,0
10/19/2018,65,49,0.02,0,0
10/20/2018,49,31,T,T,0
10/21/2018,59,28,0,0,0
10/22/2018,61,33,0,0,0
10/23/2018,49,32,0,0,0
10/24/2018,54,31,0,0,0
10/25/2018,55,43,T,0,0
10/26/2018,50,45,0.29,0,0
10/27/2018,53,44,0.13,0,0
10/28/2018,57,44,T,0,0
10/29/2018,49,37,0.01,0,0
10/30/2018,54,40,0,0,0
10/31/2018,54,37,0,0,0
11/1/2018,51,34,0,0,0
11/2/2018,48,33,0,0,0
11/3/2018,47,35,0.02,0,0
11/4/2018,39,36,0.17,T,0
11/5/2018,45,37,0.3,0,0
11/6/2018,43,29,0.3,0.1,0
11/7/2018,33,25,0.02,0.5,1
11/8/2018,28,22,0.06,0.7,T
11/9/2018,24,15,0.01,0.3,1
11/10/2018,23,11,T,T,1
11/11/2018,30,21,T,T,1
11/12/2018,23,12,T,T,1
11/13/2018,23,7,0,0,T
11/14/2018,43,16,0,0,T
11/15/2018,44,29,0.01,0,0
11/16/2018,35,26,0.01,0.1,T
11/17/2018,29,14,T,T,T
11/18/2018,27,6,0,0,T
11/19/2018,30,20,T,T,T
11/20/2018,33,12,T,T,T
11/21/2018,32,24,T,T,0
11/22/2018,37,27,0,0,0
11/23/2018,46,35,0.27,0,0
11/24/2018,40,30,0.06,0,0
11/25/2018,30,17,0,0,0
11/26/2018,24,15,T,T,0
11/27/2018,25,13,T,T,0
11/28/2018,27,15,0.12,1.4,0
11/29/2018,31,25,0.1,0.9,2
11/30/2018,33,29,0,0,2
12/1/2018,34,28,0.2,2.3,2
12/2/2018,34,28,0.04,0.5,4
12/3/2018,28,24,T,T,4
12/4/2018,24,22,T,T,4
12/5/2018,29,22,T,0.1,4
12/6/2018,22,8,T,T,4
12/7/2018,27,6,T,0.1,4
12/8/2018,27,9,0,0,4
12/9/2018,29,14,0,0,4
12/10/2018,25,14,0.01,T,4
12/11/2018,27,12,0,0,4
12/12/2018,29,23,T,0,4
12/13/2018,32,23,0,0,4
12/14/2018,39,23,0,0,4
12/15/2018,43,20,0,0,4
12/16/2018,46,31,0,0,3
12/17/2018,36,24,0,0,3
12/18/2018,43,27,0,0,2
12/19/2018,42,32,0,0,1
12/20/2018,37,28,0.01,T,T
12/21/2018,28,23,0,0,T
12/22/2018,32,25,0.01,0.3,T
12/23/2018,31,19,T,T,T
12/24/2018,26,15,0,0,T
12/25/2018,28,19,0,0,T
12/26/2018,33,21,0.3,2.3,T
12/27/2018,37,33,0.95,0.6,2
12/28/2018,33,13,T,0.2,T
12/29/2018,16,9,T,0.1,T
12/30/2018,32,14,0,0,T
12/31/2018,32,11,0.01,0.2,T
1/1/2019,11,0,0,0,T
1/2/2019,26,2,T,T,T
1/3/2019,41,20,0,0,T
1/4/2019,47,28,0,0,T
1/5/2019,47,27,0,0,T
1/6/2019,38,24,0,0,T
1/7/2019,42,34,0,0,T
1/8/2019,38,11,0,0,T
1/9/2019,16,6,0,0,T
1/10/2019,24,10,0,0,0
1/11/2019,33,18,0,0,0
1/12/2019,31,21,0,0,0
1/13/2019,35,28,0,0,0
1/14/2019,32,29,T,T,0
1/15/2019,33,20,T,0,0
1/16/2019,21,7,0,0,0
1/17/2019,24,14,T,T,T
1/18/2019,14,6,0.01,0.2,0
1/19/2019,11,-1,0,0,T
1/20/2019,11,-5,0,0,T
1/21/2019,18,0,T,T,T
1/22/2019,20,10,0.03,0.7,1
1/23/2019,24,9,T,T,1
1/24/2019,20,-8,T,0.4,1
1/25/2019,5,-9,0,0,1
1/26/2019,11,-4,0.05,0.4,1
1/27/2019,6,-9,0.23,2.4,1
1/28/2019,13,-1,0.13,2.6,4
1/29/2019,-1,-25,T,T,5
1/30/2019,-13,-28,0,0,5
1/31/2019,-3,-23,T,0.1,5
2/1/2019,17,-3,T,T,4
2/2/2019,39,12,0,0,4
2/3/2019,39,32,0.01,0,2
2/4/2019,33,2,0.06,T,1
2/5/2019,13,2,0.31,4.1,T
2/6/2019,21,12,0.03,0.4,4
2/7/2019,20,-5,0.37,5.9,4
2/8/2019,1,-11,0,0,9
2/9/2019,8,-12,0,0,8
2/10/2019,18,6,0.25,5.9,8
2/11/2019,25,17,0.03,0.1,11
2/12/2019,24,11,0.32,5.5,14
2/13/2019,20,4,T,T,14
2/14/2019,24,0,0.02,0.3,13
2/15/2019,15,-3,0,0,12
2/16/2019,21,-2,0,0,12
2/17/2019,26,14,0.03,0.4,12
2/18/2019,23,5,0,0,11
2/19/2019,22,-3,0,0,11
2/20/2019,28,15,0.6,9.1,11
2/21/2019,21,7,T,T,16
2/22/2019,27,10,0,0,16
2/23/2019,32,26,0.21,1.9,15
2/24/2019,29,-2,0.2,2.6,17
2/25/2019,4,-5,T,T,16
2/26/2019,8,0,0.06,1.1,16
2/27/2019,14,0,0.07,1.7,19
2/28/2019,21,-3,0,0,18
3/1/2019,19,5,0.28,5.6,17
3/2/2019,18,-1,0,0,21
3/3/2019,0,-13,0,0,20
3/4/2019,9,-10,T,T,20
3/5/2019,16,1,T,T,19
3/6/2019,22,6,T,T,19
3/7/2019,21,2,0,0,18
3/8/2019,33,16,0,0,18
3/9/2019,37,27,0.57,2.9,16
3/10/2019,32,17,0.09,1.8,19
3/11/2019,32,11,0,0,17
3/12/2019,38,18,0.21,0,16
3/13/2019,42,34,0.33,0,13
3/14/2019,43,33,0.51,0.1,7
3/15/2019,35,25,0,0,4
3/16/2019,35,19,0,0,3
3/17/2019,40,23,0.01,0.1,3
3/18/2019,40,24,0,0,2
3/19/2019,46,28,0,0,1
3/20/2019,49,33,0,0,T
3/21/2019,50,31,0,0,T
3/22/2019,50,29,0,0,T
3/23/2019,54,26,0,0,T
3/24/2019,54,31,0,0,T
3/25/2019,47,28,0,0,T
3/26/2019,51,25,0,0,0
3/27/2019,64,39,0,0,0
3/28/2019,53,34,0,0,0
3/29/2019,47,27,0,0,0
3/30/2019,38,26,0,0,0
3/31/2019,38,21,T,T,0
4/1/2019,45,30,0,0,0
4/2/2019,50,30,0.02,T,0
4/3/2019,51,30,0,0,0
4/4/2019,46,34,T,0,0
4/5/2019,52,35,0.06,0,0
4/6/2019,53,46,0.94,0,0
4/7/2019,63,45,0.17,0,0
4/8/2019,70,41,0,0,0
4/9/2019,57,32,0,0,0
4/10/2019,34,30,0.48,4.6,0
4/11/2019,36,26,0.46,4.3,6
4/12/2019,37,31,0.09,0.9,3
4/13/2019,39,29,0,0,3
4/14/2019,48,24,0,0,1
4/15/2019,54,30,0,0,T
4/16/2019,68,36,0,0,T
4/17/2019,54,41,1.1,0,0
4/18/2019,54,40,T,0,0
4/19/2019,64,34,0,0,0
4/20/2019,78,44,0,0,0
4/21/2019,77,49,T,0,0
4/22/2019,49,40,0.35,0,0
4/23/2019,65,36,0,0,0
4/24/2019,73,50,T,0,0
4/25/2019,72,50,0,0,0
4/26/2019,59,43,0,0,0
4/27/2019,51,40,T,0,0
4/28/2019,54,36,0,0,0
4/29/2019,58,43,0,0,0
4/30/2019,45,39,0.24,0,0
5/1/2019,46,39,0.09,0,0
5/2/2019,57,41,0,0,0
5/3/2019,62,35,0.15,0,0
5/4/2019,71,45,0,0,0
5/5/2019,64,49,T,0,0
5/6/2019,59,47,T,0,0
5/7/2019,63,40,0,0,0
5/8/2019,55,36,1.45,T,0
5/9/2019,54,35,0.02,T,0
5/10/2019,61,38,0,0,0
5/11/2019,65,42,0.01,0,0
5/12/2019,62,43,0,0,0
5/13/2019,67,40,0,0,0
5/14/2019,73,48,0.04,0,0
5/15/2019,76,54,0.12,0,0
5/16/2019,82,57,0.35,0,0
5/17/2019,69,51,0.05,0,0
5/18/2019,55,45,0.8,0,0
5/19/2019,46,38,0.63,0,0
5/20/2019,63,36,0,0,0
5/21/2019,61,47,0.59,0,0
5/22/2019,63,47,0.51,0,0
5/23/2019,60,52,0,0,0
5/24/2019,73,52,0.04,0,0
5/25/2019,69,54,0,0,0
5/26/2019,74,47,0,0,0
5/27/2019,64,48,1.83,0,0
5/28/2019,69,45,0,0,0
5/29/2019,74,52,0,0,0
5/30/2019,82,55,0,0,0
5/31/2019,88,64,T,0,0
6/1/2019,73,55,0.02,0,0
6/2/2019,75,51,0,0,0
6/3/2019,83,54,0,0,0
6/4/2019,85,60,0.26,0,0
6/5/2019,83,64,T,0,0
6/6/2019,85,59,0,0,0
6/7/2019,90,68,0,0,0
6/8/2019,88,67,0,0,0
6/9/2019,73,57,T,0,0
6/10/2019,79,52,0,0,0
6/11/2019,69,58,0.16,0,0
6/12/2019,71,54,T,0,0
6/13/2019,73,48,0,0,0
6/14/2019,86,64,0.05,0,0
6/15/2019,76,63,0.05,0,0
6/16/2019,74,59,T,0,0
6/17/2019,75,58,T,0,0
6/18/2019,75,55,0,0,0
6/19/2019,79,57,0,0,0
6/20/2019,78,62,0.29,0,0
6/21/2019,77,63,0,0,0
6/22/2019,79,62,T,0,0
6/23/2019,76,64,0.36,0,0
6/24/2019,73,61,0.28,0,0
6/25/2019,82,61,0,0,0
6/26/2019,86,63,0,0,0
6/27/2019,78,67,0.22,0,0
6/28/2019,86,68,0,0,0
6/29/2019,89,69,0,0,0
6/30/2019,81,67,1.03,0,0
7/1/2019,78,68,2.02,0,0
7/2/2019,87,69,0.08,0,0
7/3/2019,87,67,0.25,0,0
7/4/2019,85,71,0.15,0,0
7/5/2019,83,68,0.03,0,0
7/6/2019,83,69,0,0,0
7/7/2019,85,65,0,0,0
7/8/2019,85,68,0,0,0
7/9/2019,80,70,0.47,0,0
7/10/2019,79,69,0.22,0,0
7/11/2019,83,65,0,0,0
7/12/2019,86,68,0,0,0
7/13/2019,87,68,0,0,0
7/14/2019,92,72,0.01,0,0
7/15/2019,92,71,1.75,0,0
7/16/2019,85,71,0.01,0,0
7/17/2019,86,70,0,0,0
7/18/2019,89,73,T,0,0
7/19/2019,95,73,T,0,0
7/20/2019,76,62,1.01,0,0
7/21/2019,82,61,0,0,0
7/22/2019,79,60,0,0,0
7/23/2019,83,62,0,0,0
7/24/2019,84,65,0,0,0
7/25/2019,82,66,0,0,0
7/26/2019,86,68,0.12,0,0
7/27/2019,86,68,0,0,0
7/28/2019,77,66,0.36,0,0
7/29/2019,78,63,0,0,0
7/30/2019,77,59,0,0,0
7/31/2019,80,60,0,0,0
8/1/2019,85,64,0,0,0
8/2/2019,85,69,0,0,0
8/3/2019,87,70,0.24,0,0
8/4/2019,88,71,0,0,0
8/5/2019,86,70,0.2,0,0
8/6/2019,86,66,0,0,0
8/7/2019,88,68,0,0,0
8/8/2019,79,58,0,0,0
8/9/2019,81,58,0,0,0
8/10/2019,73,66,0.44,0,0
8/11/2019,81,66,0,0,0
8/12/2019,80,67,0.24,0,0
8/13/2019,82,62,0.75,0,0
8/14/2019,78,63,T,0,0
8/15/2019,80,63,0.39,0,0
8/16/2019,80,64,0.83,0,0
8/17/2019,83,63,T,0,0
8/18/2019,75,61,1.74,0,0
8/19/2019,81,58,0,0,0
8/20/2019,83,65,0.63,0,0
8/21/2019,77,59,0,0,0
8/22/2019,75,60,0,0,0
8/23/2019,77,58,0,0,0
8/24/2019,76,62,0,0,0
8/25/2019,75,61,0.01,0,0
8/26/2019,71,64,0.8,0,0
8/27/2019,73,59,T,0,0
8/28/2019,74,57,0,0,0
8/29/2019,76,57,0.01,0,0
8/30/2019,75,53,0,0,0
8/31/2019,72,58,0,0,0
9/1/2019,75,59,0.09,0,0
9/2/2019,76,63,0.3,0,0
9/3/2019,77,62,0,0,0
9/4/2019,73,58,0,0,0
9/5/2019,79,56,0,0,0
9/6/2019,78,63,0,0,0
9/7/2019,67,55,0.02,0,0
9/8/2019,62,54,0.12,0,0
9/9/2019,70,58,0.19,0,0
9/10/2019,79,66,0,0,0
9/11/2019,67,58,1.24,0,0
9/12/2019,67,58,1.17,0,0
9/13/2019,64,56,T,0,0
9/14/2019,75,51,0,0,0
9/15/2019,82,62,0,0,0
9/16/2019,87,63,0,0,0
9/17/2019,88,70,0,0,0
9/18/2019,82,70,0.14,0,0
9/19/2019,84,64,0,0,0
9/20/2019,86,67,0,0,0
9/21/2019,81,69,0.1,0,0
9/22/2019,69,57,0.01,0,0
9/23/2019,76,54,0,0,0
9/24/2019,81,57,T,0,0
9/25/2019,71,55,0,0,0
9/26/2019,69,49,0,0,0
9/27/2019,67,51,0,0,0
9/28/2019,64,45,T,0,0
9/29/2019,60,50,0.3,0,0
9/30/2019,86,60,0.24,0,0
10/1/2019,65,50,0.59,0,0
10/2/2019,54,48,0.42,0,0
10/3/2019,50,44,0.05,0,0
10/4/2019,50,44,0,0,0
10/5/2019,58,48,1.05,0,0
10/6/2019,65,47,0,0,0
10/7/2019,67,45,0,0,0
10/8/2019,72,47,0,0,0
10/9/2019,73,53,0.01,0,0
10/10/2019,60,41,0.41,0,0
10/11/2019,41,34,0.05,T,0
10/12/2019,39,33,0.07,T,0
10/13/2019,45,35,0.03,T,0
10/14/2019,50,36,0,0,0
10/15/2019,52,42,0.08,0,0
10/16/2019,48,41,0.01,0,0
10/17/2019,57,35,0,0,0
10/18/2019,69,45,0,0,0
10/19/2019,67,45,0.03,0,0
10/20/2019,67,39,0,0,0
10/21/2019,56,46,1.06,0,0
10/22/2019,46,40,0.19,0,0
10/23/2019,46,34,0,0,0
10/24/2019,44,32,0,0,0
10/25/2019,56,29,0,0,0
10/26/2019,56,39,0,0,0
10/27/2019,45,33,0,0,0
10/28/2019,38,29,0,0,0
10/29/2019,40,27,0,0,0
10/30/2019,36,23,0,0,0
10/31/2019,36,26,0,0,0
11/1/2019,42,32,0.07,0.1,T
11/2/2019,35,30,T,0.1,T
11/3/2019,45,29,0,0,0
11/4/2019,40,29,0.13,0.2,0
11/5/2019,32,22,0,0,0
11/6/2019,31,19,0.02,0.4,T
11/7/2019,28,15,T,T,0
11/8/2019,37,15,0,0,0
11/9/2019,45,29,0.04,0,0
11/10/2019,33,18,0.01,0.2,0
11/11/2019,18,8,T,T,T
11/12/2019,20,5,0,0,T
11/13/2019,28,18,0.05,0.6,T
11/14/2019,32,19,0,0,T
11/15/2019,39,30,0,0,T
11/16/2019,46,32,T,0,T
11/17/2019,39,32,0.05,0,0
11/18/2019,37,31,0.02,0,0
11/19/2019,43,34,0.14,T,0
11/20/2019,45,38,0,0,0
11/21/2019,44,22,0.43,0.1,0
11/22/2019,30,19,0,0,0
11/23/2019,45,27,0,0,0
11/24/2019,45,33,0,0,0
11/25/2019,45,37,0,0,0
11/26/2019,38,31,0.19,2,0
11/27/2019,32,26,0.66,7.2,6
11/28/2019,28,22,0,0,7
11/29/2019,33,28,0.08,0.5,6
11/30/2019,34,31,0.39,2.9,7
12/1/2019,32,19,0.07,1.6,7
12/2/2019,27,12,0,0,6
12/3/2019,38,20,0,0,6
12/4/2019,39,24,0,0,6
12/5/2019,37,22,0,0,5
12/6/2019,32,17,0,0,5
12/7/2019,42,22,0,0,5
12/8/2019,41,31,0,0,5
12/9/2019,34,-1,0.16,2.5,5
12/10/2019,8,-4,T,T,7
12/11/2019,9,-5,0,0,7
12/12/2019,19,9,0.12,1.7,7
12/13/2019,18,9,0.04,0.5,8
12/14/2019,20,1,T,T,8
12/15/2019,17,-1,0,0,8
12/16/2019,27,17,0,0,7
12/17/2019,26,2,0,0,7
12/18/2019,15,-2,0,0,7
12/19/2019,29,11,0,0,7
12/20/2019,39,21,T,T,7
12/21/2019,44,19,0,0,7
12/22/2019,42,25,0,0,6
12/23/2019,39,22,0,0,6
12/24/2019,37,32,0,0,6
12/25/2019,33,30,0,0,6
12/26/2019,33,27,0,0,6
12/27/2019,29,23,0,0,4
12/28/2019,35,25,0.62,0.1,4
12/29/2019,42,34,0.4,0,3
12/30/2019,34,21,0.42,4.9,2
12/31/2019,24,13,0,0,5
1/1/2020,36,13,0,0,5
1/2/2020,37,31,0,0,5
1/3/2020,36,24,T,T,4
1/4/2020,30,24,0,0,4
1/5/2020,38,24,0.01,T,4
1/6/2020,36,22,0,0,3
1/7/2020,32,5,0,0,3
1/8/2020,17,1,0,0,3
1/9/2020,36,17,0,0,3
1/10/2020,24,8,T,T,3
1/11/2020,16,-1,0,0,3
1/12/2020,20,9,0.11,0.8,3
1/13/2020,28,15,0.1,1,4
1/14/2020,32,17,0.01,0,5
1/15/2020,24,-2,0.01,T,5
1/16/2020,6,-9,0,0,5
1/17/2020,25,-1,0.35,4.7,5
1/18/2020,26,0,0.06,0.2,9
1/19/2020,12,0,0.01,0.5,8
1/20/2020,18,2,0.03,0.4,8
1/21/2020,20,-2,0,0,8
1/22/2020,37,19,0.17,0.6,8
1/23/2020,33,30,0.06,1,8
1/24/2020,32,29,T,T,8
1/25/2020,33,27,T,T,7
1/26/2020,30,25,0,0,7
1/27/2020,27,21,T,0,7
1/28/2020,22,18,T,T,7
1/29/2020,22,18,T,T,7
1/30/2020,27,18,T,T,7
1/31/2020,34,27,0.05,0.6,7
2/1/2020,38,27,0,0,7
2/2/2020,46,31,0,0,6
2/3/2020,32,20,0,0,5
2/4/2020,24,10,0,0,5
2/5/2020,30,11,0,0,5
2/6/2020,32,11,0,T,5
2/7/2020,30,13,0.03,0.5,5
2/8/2020,20,-3,0,0,5
2/9/2020,27,9,0.38,4.8,6
2/10/2020,30,7,0.01,0.2,10
2/11/2020,30,21,T,T,10
2/12/2020,35,0,T,T,10
2/13/2020,1,-11,0,0,9
2/14/2020,15,-12,0,0,9
2/15/2020,36,15,0,0,8
2/16/2020,24,14,0,0,8
2/17/2020,35,22,0.16,2,8
2/18/2020,26,5,0,0,9
2/19/2020,14,0,0,0,9
2/20/2020,14,-6,0,0,9
2/21/2020,37,12,0,0,8
2/22/2020,42,18,0,0,8
2/23/2020,44,27,0,0,7
2/24/2020,42,23,0,0,5
2/25/2020,38,28,0,0,4
2/26/2020,31,19,T,T,4
2/27/2020,25,15,0,0,4
2/28/2020,28,17,0,0,4
2/29/2020,39,16,0,0,4
3/1/2020,50,32,T,T,4
3/2/2020,36,30,0,0,3
3/3/2020,43,30,T,T,1
3/4/2020,42,24,T,0,T
3/5/2020,44,30,T,T,T
3/6/2020,39,23,0,0,T
3/7/2020,53,32,0,0,T
3/8/2020,61,44,0,0,T
3/9/2020,48,30,0,0,0
3/10/2020,42,23,0.04,0.3,0
3/11/2020,43,34,0,0,T
3/12/2020,43,31,0.09,T,0
3/13/2020,39,26,0,0,0
3/14/2020,35,23,0,0,0
3/15/2020,40,21,0,0,0
3/16/2020,39,27,0.01,T,0
3/17/2020,44,28,T,0,0
3/18/2020,45,37,T,0,0
3/19/2020,40,32,0.48,0,0
3/20/2020,34,20,T,T,0
3/21/2020,36,20,T,T,0
3/22/2020,43,30,0.04,0.2,T
3/23/2020,44,32,0.12,0.8,1
3/24/2020,50,37,0,0,0
3/25/2020,47,37,0.31,0,0
3/26/2020,51,29,0,0,0
3/27/2020,60,37,0.03,0,0
3/28/2020,48,38,1.07,0,0
3/29/2020,49,33,0.22,T,T
3/30/2020,60,30,0,0,0
3/31/2020,54,34,0,0,0
4/1/2020,55,34,0,0,0
4/2/2020,61,40,0.07,0,0
4/3/2020,40,25,0.08,T,0
4/4/2020,45,19,0,0,0
4/5/2020,56,29,0,0,0
4/6/2020,60,43,0,0,0
4/7/2020,70,49,0.03,0,0
4/8/2020,56,36,T,0,0
4/9/2020,42,30,0.03,T,0
4/10/2020,49,27,0,0,0
4/11/2020,61,34,0,0,0
4/12/2020,44,29,0.6,6.6,T
4/13/2020,37,23,0.01,0.2,5
4/14/2020,30,21,0.04,0.5,2
4/15/2020,35,19,0,0,T
4/16/2020,48,24,0,0,T
4/17/2020,49,29,0,0,0
4/18/2020,67,39,0,0,0
4/19/2020,50,36,0,0,0
4/20/2020,60,36,T,0,0
4/21/2020,50,29,T,0,0
4/22/2020,67,43,T,0,0
4/23/2020,59,37,T,0,0
4/24/2020,66,43,T,0,0
4/25/2020,71,42,0,0,0
4/26/2020,68,45,0.07,0,0
4/27/2020,74,52,0.04,0,0
4/28/2020,62,46,0.83,0,0
4/29/2020,62,42,0,0,0
4/30/2020,68,44,0,0,0
5/1/2020,78,53,T,0,0
5/2/2020,75,54,0,0,0
5/3/2020,67,46,0,0,0
5/4/2020,60,40,0,0,0
5/5/2020,59,47,0,0,0
5/6/2020,66,48,0,0,0
5/7/2020,60,44,0,0,0
5/8/2020,49,35,0,0,0
5/9/2020,60,34,0.15,0,0
5/10/2020,48,38,T,0,0
5/11/2020,55,39,0,0,0
5/12/2020,58,34,0,0,0
5/13/2020,63,48,0.04,0,0
5/14/2020,73,52,0.04,0,0
5/15/2020,71,45,0,0,0
5/16/2020,63,52,0.46,0,0
5/17/2020,53,49,2.47,0,0
5/18/2020,66,50,T,0,0
5/19/2020,71,54,0,0,0
5/20/2020,77,59,0,0,0
5/21/2020,66,57,0,0,0
5/22/2020,66,58,0,0,0
5/23/2020,71,60,0.24,0,0
5/24/2020,78,58,T,0,0
5/25/2020,78,65,0.16,0,0
5/26/2020,81,66,0.87,0,0
5/27/2020,78,63,0.42,0,0
5/28/2020,79,60,0,0,0
5/29/2020,66,54,0,0,0
5/30/2020,68,49,0,0,0
5/31/2020,77,47,0,0,0
6/1/2020,91,63,0,0,0
6/2/2020,90,65,0.26,0,0
6/3/2020,83,63,0,0,0
6/4/2020,86,62,0.04,0,0
6/5/2020,81,60,0.32,0,0
6/6/2020,77,60,0.88,0,0
6/7/2020,85,62,0,0,0
6/8/2020,96,74,0,0,0
6/9/2020,83,68,0.16,0,0
6/10/2020,72,59,0,0,0
6/11/2020,79,57,0,0,0
6/12/2020,76,58,0,0,0
6/13/2020,71,53,0,0,0
6/14/2020,78,55,0,0,0
6/15/2020,88,62,0,0,0
6/16/2020,91,67,0,0,0
6/17/2020,90,65,0,0,0
6/18/2020,86,68,1.37,0,0
6/19/2020,77,63,0.04,0,0
6/20/2020,75,63,0.01,0,0
6/21/2020,84,62,0.33,0,0
6/22/2020,76,61,0,0,0
6/23/2020,77,59,T,0,0
6/24/2020,80,58,0.03,0,0
6/25/2020,85,59,0,0,0
6/26/2020,87,69,T,0,0
6/27/2020,86,65,0,0,0
6/28/2020,86,67,0.89,0,0
6/29/2020,82,66,2.37,0,0
6/30/2020,88,70,0.02,0,0
7/1/2020,88,73,0,0,0
7/2/2020,89,74,0,0,0
7/3/2020,90,69,0,0,0
7/4/2020,90,71,0,0,0
7/5/2020,92,75,T,0,0
7/6/2020,86,73,0.35,0,0
7/7/2020,88,71,0.08,0,0
7/8/2020,93,73,T,0,0
7/9/2020,82,71,0.33,0,0
7/10/2020,85,66,0,0,0
7/11/2020,84,65,0.46,0,0
7/12/2020,85,64,0,0,0
7/13/2020,85,66,0,0,0
7/14/2020,79,62,0.24,0,0
7/15/2020,80,59,0,0,0
7/16/2020,84,63,0,0,0
7/17/2020,90,71,0,0,0
7/18/2020,91,68,0.51,0,0
7/19/2020,83,68,0,0,0
7/20/2020,83,65,0,0,0
7/21/2020,82,62,0.36,0,0
7/22/2020,69,57,0,0,0
7/23/2020,80,59,0,0,0
7/24/2020,92,69,0,0,0
7/25/2020,88,71,0.24,0,0
7/26/2020,86,68,0.45,0,0
7/27/2020,84,64,0,0,0
7/28/2020,85,67,0.17,0,0
7/29/2020,84,63,0,0,0
7/30/2020,82,63,0,0,0
7/31/2020,84,60,0,0,0
8/1/2020,82,65,0.15,0,0
8/2/2020,73,60,0,0,0
8/3/2020,74,57,0,0,0
8/4/2020,79,54,0,0,0
8/5/2020,78,60,0,0,0
8/6/2020,79,61,0,0,0
8/7/2020,83,66,T,0,0
8/8/2020,83,69,0.01,0,0
8/9/2020,87,68,0.54,0,0
8/10/2020,79,64,1.27,T,0
8/11/2020,84,60,0,0,0
8/12/2020,74,63,0.45,0,0
8/13/2020,88,68,0,0,0
8/14/2020,85,61,0.49,0,0
8/15/2020,78,57,0,0,0
8/16/2020,84,63,0.03,0,0
8/17/2020,78,63,T,0,0
8/18/2020,81,58,0,0,0
8/19/2020,83,62,T,0,0
8/20/2020,83,68,0,0,0
8/21/2020,87,68,0.08,0,0
8/22/2020,84,66,0.1,0,0
8/23/2020,91,70,0,0,0
8/24/2020,89,71,0.03,0,0
8/25/2020,90,72,0,0,0
8/26/2020,92,76,0.01,0,0
8/27/2020,88,72,0,0,0
8/28/2020,82,65,0.39,0,0
8/29/2020,77,59,0,0,0
8/30/2020,78,59,T,0,0
8/31/2020,74,59,0.43,0,0
9/1/2020,71,58,0,0,0
9/2/2020,82,57,0,0,0
9/3/2020,76,55,T,0,0
9/4/2020,74,52,0,0,0
9/5/2020,78,54,0,0,0
9/6/2020,83,61,0.18,0,0
9/7/2020,64,50,0.25,0,0
9/8/2020,52,45,0,0,0
9/9/2020,50,41,0.14,0,0
9/10/2020,60,38,0,0,0
9/11/2020,59,44,0.07,0,0
9/12/2020,64,55,0.03,0,0
9/13/2020,73,52,0,0,0
9/14/2020,79,56,0,0,0
9/15/2020,81,65,0,0,0
9/16/2020,71,52,0,0,0
9/17/2020,58,43,0,0,0
9/18/2020,62,42,0,0,0
9/19/2020,71,45,0,0,0
9/20/2020,74,52,T,0,0
9/21/2020,77,58,0.05,0,0
9/22/2020,83,60,0,0,0
9/23/2020,84,60,T,0,0
9/24/2020,76,60,0.05,0,0
9/25/2020,85,59,0,0,0
9/26/2020,70,57,0.01,0,0
9/27/2020,67,52,0.03,0,0
9/28/2020,58,49,0.02,0,0
9/29/2020,64,48,0,0,0
9/30/2020,64,47,0.05,0,0
10/1/2020,56,43,0.02,0,0
10/2/2020,51,38,0,0,0
10/3/2020,52,39,0,0,0
10/4/2020,56,32,0,0,0
10/5/2020,70,46,0,0,0
10/6/2020,80,48,T,0,0
10/7/2020,71,51,0,0,0
10/8/2020,68,44,0,0,0
10/9/2020,80,56,0,0,0
10/10/2020,66,50,0,0,0
10/11/2020,69,48,0.52,0,0
10/12/2020,64,50,0.72,0,0
10/13/2020,63,51,0,0,0
10/14/2020,62,42,0.03,0,0
10/15/2020,50,33,T,0,0
10/16/2020,45,33,0.03,0.2,0
10/17/2020,53,35,0.04,0,0
10/18/2020,36,29,0,0,0
10/19/2020,34,27,0.05,T,0
10/20/2020,33,29,0.79,7.9,0
10/21/2020,36,31,T,0,7
10/22/2020,35,32,0.09,T,5
10/23/2020,36,24,0.06,0.8,2
10/24/2020,32,24,0,0,T
10/25/2020,29,25,0.05,0.4,T
10/26/2020,32,20,0,0,T
10/27/2020,34,16,0,0,T
10/28/2020,50,30,0,0,T
10/29/2020,38,31,0,0,0
10/30/2020,45,30,0,0,0
10/31/2020,55,33,T,T,0
11/1/2020,39,26,T,T,0
11/2/2020,58,27,0,0,0
11/3/2020,75,33,0,0,0
11/4/2020,74,43,0,0,0
11/5/2020,66,42,0,0,0
11/6/2020,75,49,0,0,0
11/7/2020,74,60,0,0,0
11/8/2020,72,54,0,0,0
11/9/2020,66,32,0.32,0,0
11/10/2020,32,27,0.62,5.5,0
11/11/2020,37,21,T,T,6
11/12/2020,31,22,0.16,2.8,4
11/13/2020,35,13,0,0,6
11/14/2020,37,29,0.11,0,5
11/15/2020,36,24,0.01,T,3
11/16/2020,41,24,T,T,1
11/17/2020,34,19,0,0,T
11/18/2020,53,30,0,0,T
11/19/2020,54,39,0,0,0
11/20/2020,42,26,T,0,0
11/21/2020,39,22,0,0,0
11/22/2020,41,29,0.06,0.5,1
11/23/2020,36,23,0,0,0
11/24/2020,36,32,0.01,0,0
11/25/2020,36,34,0,0,0
11/26/2020,36,28,0,0,0
11/27/2020,37,27,0,0,0
11/28/2020,50,32,0,0,0
11/29/2020,40,22,0,0,0
11/30/2020,29,17,0,0,0
12/1/2020,37,16,0,0,0
12/2/2020,43,19,0,0,0
12/3/2020,41,26,0,0,0
12/4/2020,43,23,0,0,0
12/5/2020,40,19,0.01,0.2,0
12/6/2020,35,31,0,0,T
12/7/2020,34,30,0,0,0
12/8/2020,39,29,0,0,0
12/9/2020,52,27,0,0,0
12/10/2020,48,32,0,0,0
12/11/2020,38,28,0,0,0
